player_id,player_name,game_title,region,age,hours_played_weekly,win_rate,kda_ratio,average_apm,tournaments_played,followers_count,avg_viewers,sponsor_count,contract_years_left,monthly_revenue_usd
PL_1000,ProPlayer_0,Apex Legends,KR,22,62.5,0.69,2.61,212.0,22,275142.0,3582.0,8,0,7447.92
PL_1001,ProPlayer_1,LoL,euw,30,30.1,0.56,4.19,264.0,47,72055.0,1946.0,9,4,5500.72
PL_1002,ProPlayer_2,LoL,EUW,26,44.6,0.53,3.5,327.0,19,65902.5,3156.0,6,4,5056.99
PL_1003,ProPlayer_3,CS:GO,euw,23,49.0,0.57,3.86,217.0,37,76720.0,2073.0,9,3,5098.55
PL_1004,ProPlayer_4,Apex Legends,BR,22,57.3,0.69,2.86,231.0,3,50118.0,-759.0,4,4,4787.72
PL_1005,ProPlayer_5,LoL,na,34,38.4,0.52,3.39,264.0,14,188521.0,-2681.0,0,3,7434.48
PL_1006,ProPlayer_6,League of Legends,euw,26,48.7,0.46,2.25,185.0,23,67921.0,2315.0,5,2,1970.77
PL_1007,ProPlayer_7,Dota 2,KR,26,50.4,0.65,3.62,212.0,24,63847.0,1604.0,7,0,1887.95
PL_1008,ProPlayer_8,League of Legends,EUW,19,39.4,0.69,2.78,251.0,0,67395.0,2597.0,6,4,3127.24
PL_1009,ProPlayer_9,Dota 2,na,23,39.1,0.44,2.83,235.0,6,187591.0,1622.0,1,3,5578.32
PL_1010,ProPlayer_10,League of Legends,,18,200.0,0.48,3.45,280.0,30,178344.0,5027.0,4,2,8610.69
PL_1011,ProPlayer_11,CS:GO,euw,17,48.0,0.45,4.31,388.0,11,51670.0,2346.0,3,4,6738.17
PL_1012,ProPlayer_12,Dota 2,BR,27,57.5,0.52,1.69,255.0,41,40541.0,1330.0,8,1,6184.89
PL_1013,ProPlayer_13,CS:GO,LAN,21,34.2,0.56,3.97,208.0,4,67713.0,2506.0,9,2,4840.27
PL_1014,ProPlayer_14,League of Legends,euw,17,44.7,0.66,2.38,321.0,43,85043.0,1357.0,0,4,2334.94
PL_1015,ProPlayer_15,League of Legends,LAN,16,46.6,0.63,2.83,171.0,49,27225.0,2139.0,5,2,6029.98
PL_1016,ProPlayer_16,League of Legends,LAN,27,62.2,0.62,1.57,181.0,41,157966.0,174.0,2,0,9051.93
PL_1017,ProPlayer_17,Dota 2,LAN,27,35.9,0.52,2.4,220.0,37,66647.0,1987.0,8,0,4519.88
PL_1018,ProPlayer_18,LoL,BR,32,53.5,0.69,3.01,236.0,11,40653.0,1283.0,4,0,3878.65
PL_1019,ProPlayer_19,LoL,,25,53.8,0.56,1.67,219.0,38,11296.0,316.0,5,1,4529.51
PL_1020,ProPlayer_20,LoL,BR,31,74.7,0.74,2.97,248.0,17,27291.0,4964.0,8,0,6199.5
PL_1021,ProPlayer_21,Dota 2,KR,30,34.9,0.62,4.28,264.0,1,298145.0,374.0,8,1,5223.46
PL_1022,ProPlayer_22,Valorant,euw,30,40.1,0.44,1.82,303.0,9,36398.0,2010.0,7,0,6820.03
PL_1023,ProPlayer_23,Valorant,,34,35.9,0.64,3.79,255.0,14,18495.0,796.0,8,2,4933.1
PL_1024,ProPlayer_24,League of Legends,BR,27,25.0,0.51,2.73,222.0,29,61743.0,2446.0,3,4,4517.98
PL_1025,ProPlayer_25,Dota 2,na,18,76.5,5.5,3.47,301.0,43,36685.0,88.0,5,4,5458.01
PL_1026,ProPlayer_26,Valorant,KR,20,31.4,0.42,2.28,209.0,16,3579.0,3261.0,4,0,3920.7
PL_1027,ProPlayer_27,Apex Legends,LAN,34,37.8,0.46,1.98,168.0,3,65902.5,5054.0,4,4,8481.53
PL_1028,ProPlayer_28,CS:GO,,22,69.7,0.7,1.98,310.0,6,78550.0,741.0,3,0,6646.23
PL_1029,ProPlayer_29,CS:GO,LAN,24,23.7,0.48,1.71,307.0,40,80232.0,3825.0,1,0,2800.6
PL_1030,ProPlayer_30,Dota 2,,22,61.3,0.69,2.06,210.0,30,44092.0,1427.0,5,3,3508.48
PL_1031,ProPlayer_31,Valorant,KR,33,28.8,0.5,3.49,230.0,38,59294.0,4259.0,8,3,6130.67
PL_1032,ProPlayer_32,LoL,LAN,19,68.7,0.63,4.15,204.0,33,336731.0,5283.0,0,3,5366.64
PL_1033,ProPlayer_33,LoL,LAN,29,17.5,0.64,3.94,266.0,5,47376.0,1649.0,6,1,5605.02
PL_1034,ProPlayer_34,Valorant,LAN,33,23.7,0.58,3.56,337.0,49,29871.0,-280.0,5,3,4615.75
PL_1035,ProPlayer_35,League of Legends,BR,24,41.8,0.51,1.83,285.0,37,27900.0,3422.0,2,0,5910.35
PL_1036,ProPlayer_36,League of Legends,EUW,17,64.6,0.47,2.37,302.0,44,61205.0,2337.0,0,2,4662.79
PL_1037,ProPlayer_37,valorant,KR,30,49.5,0.41,2.43,291.0,33,142511.0,2753.0,3,3,6126.76
PL_1038,ProPlayer_38,Valorant,EUW,22,45.0,0.51,2.25,250.0,43,23065.0,1490.0,8,3,6546.06
PL_1039,ProPlayer_39,LoL,KR,27,70.2,0.63,3.05,304.0,14,123545.0,673.0,1,2,8213.48
PL_1040,ProPlayer_40,League of Legends,,23,82.3,0.73,3.11,287.0,13,2137.0,3741.0,2,0,3970.6
PL_1041,ProPlayer_41,Valorant,,30,60.1,0.7,2.57,322.0,5,54288.0,2480.0,1,1,4977.76
PL_1042,ProPlayer_42,Valorant,LAN,18,40.7,0.67,2.56,227.0,49,149550.0,-165.0,1,3,2562.04
PL_1043,ProPlayer_43,valorant,EUW,29,43.7,0.68,3.99,163.0,36,41359.0,3030.0,9,2,4851.915556701031
PL_1044,ProPlayer_44,Valorant,EUW,32,30.7,0.63,3.87,302.0,49,82951.0,2729.0,7,0,1049.02
PL_1045,ProPlayer_45,Dota 2,,19,51.5,0.49,2.42,267.0,31,22938.0,1512.0,2,4,8365.74
PL_1046,ProPlayer_46,CS:GO,euw,33,25.6,0.72,4.24,235.0,2,135477.0,4430.0,6,1,5186.94
PL_1047,ProPlayer_47,Valorant,BR,23,58.3,0.63,4.36,238.0,2,5369.0,1073.0,7,2,5836.86
PL_1048,ProPlayer_48,valorant,,19,80.1,0.6,2.48,378.0,21,191421.0,1747.0,2,2,4668.66
PL_1049,ProPlayer_49,CS:GO,BR,17,60.8,0.44,2.56,218.0,21,22089.0,3153.0,1,2,5062.2
PL_1050,ProPlayer_50,valorant,KR,21,43.0,0.56,3.02,207.0,9,207463.0,2115.0,7,3,6176.17
PL_1051,ProPlayer_51,Apex Legends,BR,25,57.9,0.56,4.32,254.0,2,43468.0,-77.0,2,4,1726.71
PL_1052,ProPlayer_52,LoL,na,19,74.3,0.7,4.13,309.0,11,128259.0,2276.0,6,1,3695.75
PL_1053,ProPlayer_53,Apex Legends,BR,33,73.6,0.59,1.81,364.0,28,38452.0,1378.0,0,0,3309.89
PL_1054,ProPlayer_54,LoL,euw,27,34.9,0.53,2.68,283.0,47,236352.0,3285.0,5,0,5894.81
PL_1055,ProPlayer_55,Dota 2,euw,17,57.7,0.74,3.16,186.0,16,13540.0,2227.0,8,4,5008.73
PL_1056,ProPlayer_56,League of Legends,na,25,47.6,0.44,3.01,349.0,6,65902.5,2142.0,2,2,6236.19
PL_1057,ProPlayer_57,CS:GO,euw,19,62.1,0.55,2.08,249.0,12,67930.0,428.0,6,2,5329.55
PL_1058,ProPlayer_58,Apex Legends,na,29,55.8,0.41,4.08,208.0,1,8549.0,1655.0,5,2,7117.18
PL_1059,ProPlayer_59,League of Legends,euw,31,14.5,0.66,3.53,196.0,3,65902.5,3455.0,7,2,3519.45
PL_1060,ProPlayer_60,valorant,LAN,30,44.8,0.72,4.01,292.0,9,287824.0,835.0,2,2,5116.31
PL_1061,ProPlayer_61,Valorant,na,23,53.0,0.5,4.08,262.0,38,375031.0,1951.0,2,4,7218.73
PL_1062,ProPlayer_62,Valorant,na,29,28.5,0.7,3.75,267.0,23,47202.0,595.0,3,3,6818.65
PL_1063,ProPlayer_63,CS:GO,KR,23,58.7,0.5,2.82,314.0,16,256767.0,224.0,2,1,2040.71
PL_1064,ProPlayer_64,Dota 2,euw,31,27.1,0.72,3.33,210.0,5,78707.0,1873.0,8,2,2957.78
PL_1065,ProPlayer_65,CS:GO,BR,28,38.0,0.66,1.98,318.0,18,31435.0,2261.0,3,3,4836.42
PL_1066,ProPlayer_66,Apex Legends,euw,33,70.1,0.68,3.52,224.0,4,121200.0,4991.0,5,0,4530.33
PL_1067,ProPlayer_67,valorant,BR,30,36.7,0.41,2.04,358.0,31,107558.0,1317.0,7,4,4869.15
PL_1068,ProPlayer_68,Dota 2,BR,28,58.6,0.74,3.58,280.0,9,452131.0,1925.0,7,3,6592.38
PL_1069,ProPlayer_69,Valorant,,24,23.7,0.65,2.19,204.0,8,30794.0,125.0,4,2,4851.915556701031
PL_1070,ProPlayer_70,League of Legends,na,30,81.2,0.51,1.85,149.0,26,111492.0,2918.0,4,2,5695.38
PL_1071,ProPlayer_71,League of Legends,EUW,28,45.4,0.69,2.0,290.0,12,5342.0,2597.0,5,2,6341.23
PL_1072,ProPlayer_72,LoL,BR,16,51.4,0.5,1.51,231.0,18,12063.0,4233.0,9,3,7148.35
PL_1073,ProPlayer_73,Dota 2,,22,52.7,0.71,3.66,242.0,20,392.0,3667.0,6,2,-1112.02
PL_1074,ProPlayer_74,valorant,BR,24,59.1,0.44,3.7,288.0,23,752520.0,2527.0,9,3,4226.75
PL_1075,ProPlayer_75,Dota 2,KR,16,27.2,0.65,3.04,301.0,37,65902.5,1295.0,6,2,3234.06
PL_1076,ProPlayer_76,Valorant,,27,49.9,0.59,1.98,311.0,3,154516.0,2307.0,3,0,5950.63
PL_1077,ProPlayer_77,Apex Legends,KR,23,40.1,0.43,1.75,191.0,23,71279.0,1833.0,5,0,4075.79
PL_1078,ProPlayer_78,League of Legends,KR,26,24.7,0.48,1.56,321.0,34,35677.0,3430.0,6,1,5151.72
PL_1079,ProPlayer_79,valorant,KR,34,64.8,0.4,2.0,221.0,2,16400.0,3239.0,4,2,6704.29
PL_1080,ProPlayer_80,League of Legends,KR,32,44.7,0.56,4.17,137.0,3,33501.0,1555.0,4,2,3794.03
PL_1081,ProPlayer_81,Apex Legends,na,23,53.6,0.51,2.22,191.0,36,47155.0,-193.0,1,3,5725.63
PL_1082,ProPlayer_82,Apex Legends,LAN,18,52.7,0.61,2.56,261.0,39,141185.0,4000.0,6,3,8107.66
PL_1083,ProPlayer_83,CS:GO,EUW,18,45.0,0.5,1.82,201.0,47,77579.0,2873.0,5,2,6663.23
PL_1084,ProPlayer_84,valorant,na,16,79.6,0.5,2.17,246.0,34,8065.0,1521.0,0,1,1828.45
PL_1085,ProPlayer_85,Dota 2,BR,20,49.3,0.66,3.06,267.0,30,1819.0,2814.0,3,2,4416.51
PL_1086,ProPlayer_86,LoL,KR,25,26.6,0.42,3.32,241.0,43,10795.0,2112.0,2,3,5711.63
PL_1087,ProPlayer_87,League of Legends,KR,22,44.0,0.72,2.24,225.0,24,52847.0,3978.0,2,2,6105.57
PL_1088,ProPlayer_88,CS:GO,EUW,24,57.5,0.7,1.67,187.0,39,270594.0,-895.0,6,3,4495.3
PL_1089,ProPlayer_89,Apex Legends,euw,22,58.0,0.63,2.67,251.0,12,101446.0,1404.0,9,2,3720.42
PL_1090,ProPlayer_90,valorant,EUW,24,33.7,0.61,2.2,147.0,3,161860.0,4399.0,3,4,5135.53
PL_1091,ProPlayer_91,valorant,euw,23,63.9,0.71,2.16,216.0,45,62806.0,2845.0,7,3,2826.23
PL_1092,ProPlayer_92,Valorant,na,27,23.6,0.46,4.38,204.0,13,44889.0,4659.0,8,1,7199.47
PL_1093,ProPlayer_93,League of Legends,,17,67.2,0.43,3.35,238.0,12,11473.0,167.0,2,4,8737.36
PL_1094,ProPlayer_94,Valorant,LAN,16,30.2,0.48,3.17,239.0,26,208693.0,3608.0,4,2,5789.39
PL_1095,ProPlayer_95,valorant,EUW,31,46.6,0.68,2.75,298.0,5,152859.0,3518.0,3,3,4535.12
PL_1096,ProPlayer_96,Valorant,KR,20,66.0,0.41,2.79,329.0,16,18406.0,-523.0,9,4,6881.8
PL_1097,ProPlayer_97,CS:GO,na,18,51.8,0.6,3.12,194.0,35,71797.0,1557.0,5,1,4851.915556701031
PL_1098,ProPlayer_98,Valorant,EUW,27,62.3,0.75,3.59,350.0,39,66821.0,1840.0,9,3,4448.92
PL_1099,ProPlayer_99,Valorant,na,23,59.3,0.7,3.61,211.0,48,98107.0,-429.0,3,4,4904.31
PL_1100,ProPlayer_100,League of Legends,na,18,69.3,0.58,2.02,259.0,34,65902.5,1588.0,7,4,3780.93
PL_1101,ProPlayer_101,Valorant,na,16,65.9,0.42,3.0,276.0,16,86695.0,3310.0,2,4,5329.37
PL_1102,ProPlayer_102,valorant,,18,43.2,0.69,2.74,372.0,40,77700.0,1414.0,4,0,5597.82
PL_1103,ProPlayer_103,Apex Legends,na,20,59.5,0.61,4.11,223.0,1,5163.0,2363.0,0,2,3439.73
PL_1104,ProPlayer_104,League of Legends,EUW,30,27.1,0.44,3.39,160.0,12,6497.0,2374.0,5,3,2850.65
PL_1105,ProPlayer_105,valorant,BR,29,49.1,0.43,3.1,325.0,1,20745.0,1982.0,4,3,2347.97
PL_1106,ProPlayer_106,Apex Legends,na,18,62.3,0.72,1.85,208.0,27,3300.0,942.0,7,3,5833.07
PL_1107,ProPlayer_107,League of Legends,,16,52.0,0.63,3.32,232.0,42,136005.0,2988.0,8,4,4977.03
PL_1108,ProPlayer_108,valorant,BR,20,56.7,0.69,1.85,194.0,25,128493.0,-381.0,7,2,4832.85
PL_1109,ProPlayer_109,Apex Legends,KR,29,46.8,0.71,2.51,232.0,21,14624.0,2013.0,7,1,5929.05
PL_1110,ProPlayer_110,Apex Legends,KR,22,66.9,0.6,1.93,208.0,46,180837.0,4078.0,2,3,3198.08
PL_1111,ProPlayer_111,Valorant,LAN,24,48.8,0.58,3.58,284.0,42,16816.0,1329.0,3,2,2859.49
PL_1112,ProPlayer_112,Dota 2,BR,30,43.0,0.55,2.12,254.0,2,35835.0,909.0,3,2,5482.16
PL_1113,ProPlayer_113,Dota 2,,30,63.3,0.51,2.68,216.0,34,28631.0,3088.0,4,0,1542.64
PL_1114,ProPlayer_114,CS:GO,na,25,28.9,0.55,4.19,300.0,11,46570.0,2245.0,8,3,4482.03
PL_1115,ProPlayer_115,CS:GO,LAN,28,57.5,0.67,2.11,263.0,23,29391.0,3118.0,8,4,9932.89
PL_1116,ProPlayer_116,Valorant,euw,34,34.4,0.61,3.02,158.0,4,67128.0,2058.0,9,2,2302.93
PL_1117,ProPlayer_117,valorant,na,22,69.2,0.71,2.76,296.0,19,52324.0,-1582.0,0,2,4140.52
PL_1118,ProPlayer_118,Valorant,LAN,32,46.1,0.56,1.55,259.0,38,65902.5,3770.0,7,1,754.21
PL_1119,ProPlayer_119,Dota 2,na,19,52.0,0.61,3.88,320.0,38,5755.0,5105.0,0,0,4532.54
PL_1120,ProPlayer_120,Apex Legends,LAN,20,56.2,0.62,1.71,256.0,12,15336.0,3926.0,1,2,8933.07
PL_1121,ProPlayer_121,League of Legends,,22,21.1,0.61,2.92,210.0,40,5427.0,-3308.0,6,2,5933.83
PL_1122,ProPlayer_122,Dota 2,LAN,28,40.2,0.65,3.18,240.0,44,98307.0,2677.0,7,4,3772.44
PL_1123,ProPlayer_123,LoL,,30,65.7,0.48,3.39,290.0,11,5605.0,1300.0,0,4,9362.82
PL_1124,ProPlayer_124,League of Legends,LAN,26,63.0,0.58,3.57,211.0,12,181057.0,374.0,2,1,1515.29
PL_1125,ProPlayer_125,LoL,BR,19,54.2,0.44,2.26,228.0,9,65902.5,2184.0,6,1,5907.89
PL_1126,ProPlayer_126,valorant,EUW,28,29.8,0.53,1.53,239.0,32,74867.0,1777.0,8,1,5129.83
PL_1127,ProPlayer_127,Dota 2,,22,58.8,0.57,3.67,193.0,39,82461.0,2763.0,7,4,4505.95
PL_1128,ProPlayer_128,LoL,,34,60.7,0.63,3.11,212.0,15,18731.0,2085.0,7,4,6614.18
PL_1129,ProPlayer_129,Apex Legends,BR,17,50.7,0.73,4.01,259.0,44,22026.0,319.0,8,0,2636.04
PL_1130,ProPlayer_130,Valorant,EUW,25,68.3,0.61,3.96,310.0,34,38392.0,1135.0,9,3,5625.25
PL_1131,ProPlayer_131,Dota 2,LAN,28,39.7,0.66,4.03,266.0,2,90016.0,893.0,2,3,5371.32
PL_1132,ProPlayer_132,valorant,KR,21,42.4,0.58,2.96,248.0,4,23587.0,-575.0,7,0,3257.97
PL_1133,ProPlayer_133,valorant,BR,27,12.7,0.62,2.5,208.0,25,12367.0,-57.0,0,3,8899.99
PL_1134,ProPlayer_134,Apex Legends,LAN,27,63.8,0.42,3.87,305.0,10,351046.0,1683.0,7,4,4636.33
PL_1135,ProPlayer_135,LoL,EUW,26,54.7,0.49,2.85,272.0,6,2222.0,4136.0,6,3,4722.7
PL_1136,ProPlayer_136,LoL,euw,22,24.8,0.53,2.05,215.0,9,162301.0,1197.0,7,4,2944.65
PL_1137,ProPlayer_137,valorant,na,16,23.6,0.57,4.06,295.0,41,155133.0,864.0,0,0,4673.32
PL_1138,ProPlayer_138,League of Legends,na,16,36.9,0.42,4.15,278.0,33,35270.0,228.0,5,1,9669.51
PL_1139,ProPlayer_139,Valorant,BR,28,61.9,0.45,2.9,209.0,2,65902.5,2046.0,6,0,4494.58
PL_1140,ProPlayer_140,Dota 2,,24,45.5,0.5,1.73,245.0,7,15738.0,3769.0,4,3,6037.4
PL_1141,ProPlayer_141,LoL,LAN,18,37.9,0.74,2.66,225.0,30,119544.0,5004.0,4,4,6901.1
PL_1142,ProPlayer_142,Apex Legends,BR,22,34.9,0.52,3.91,382.0,10,102947.0,2428.0,6,3,4637.2
PL_1143,ProPlayer_143,League of Legends,,21,34.2,0.57,4.21,277.0,44,152668.0,2210.0,2,3,4180.82
PL_1144,ProPlayer_144,Apex Legends,BR,23,21.0,0.47,2.11,259.0,6,277228.0,1185.0,5,1,5944.53
PL_1145,ProPlayer_145,Apex Legends,BR,24,31.9,0.61,1.7,274.0,44,117741.0,1435.0,6,3,4517.48
PL_1146,ProPlayer_146,Valorant,BR,20,33.9,0.5,4.13,319.0,1,16942.0,2944.0,0,1,4336.31
PL_1147,ProPlayer_147,League of Legends,BR,16,60.2,0.47,2.67,246.0,5,27897.0,1528.0,1,4,6879.78
PL_1148,ProPlayer_148,Valorant,,34,47.5,0.58,3.13,221.0,40,184638.0,1757.0,3,4,4861.15
PL_1149,ProPlayer_149,Dota 2,BR,25,37.6,0.4,4.4,292.0,31,23484.0,1962.0,7,1,7426.48
PL_1150,ProPlayer_150,Dota 2,,27,84.6,0.4,1.7,241.0,19,7528.0,1114.0,9,0,4816.15
PL_1151,ProPlayer_151,Valorant,KR,30,40.0,0.48,3.44,197.0,33,121496.0,1888.0,5,4,2365.61
PL_1152,ProPlayer_152,CS:GO,,24,67.5,0.41,1.72,187.0,49,51504.0,-1029.0,0,0,-1851.59
PL_1153,ProPlayer_153,LoL,,32,74.3,0.44,2.63,326.0,15,252622.0,2823.0,9,4,1323.7
PL_1154,ProPlayer_154,valorant,EUW,32,26.5,0.52,3.91,257.0,24,105055.0,5528.0,4,4,1668.08
PL_1155,ProPlayer_155,valorant,,27,51.1,0.68,2.8,221.0,11,9477.0,1172.0,6,2,5533.08
PL_1156,ProPlayer_156,Dota 2,KR,22,42.2,0.6,4.49,238.0,6,295375.0,2561.0,5,3,3057.33
PL_1157,ProPlayer_157,valorant,BR,17,41.0,0.58,3.18,290.0,38,29915.0,3277.0,8,3,1051.74
PL_1158,ProPlayer_158,CS:GO,KR,18,58.3,0.5,2.46,235.0,16,41130.0,3920.0,7,0,4738.19
PL_1159,ProPlayer_159,Valorant,euw,32,40.7,0.73,2.16,178.0,44,51460.0,1604.0,3,3,2836.34
PL_1160,ProPlayer_160,Dota 2,euw,20,42.6,0.54,2.55,266.0,10,5258.0,-705.0,4,0,5926.2
PL_1161,ProPlayer_161,Valorant,euw,32,47.5,0.43,2.62,310.0,5,68620.0,2401.0,6,4,5876.54
PL_1162,ProPlayer_162,Dota 2,euw,32,44.4,0.62,1.71,307.0,22,13161.0,2193.0,7,2,6088.17
PL_1163,ProPlayer_163,League of Legends,na,32,32.4,0.44,2.61,222.0,26,51244.0,1482.0,4,2,-116.56
PL_1164,ProPlayer_164,CS:GO,euw,17,61.9,0.52,2.89,313.0,45,43187.0,1800.0,8,4,5090.82
PL_1165,ProPlayer_165,CS:GO,LAN,17,65.7,0.58,3.67,261.0,5,148210.0,2216.0,9,1,4757.2
PL_1166,ProPlayer_166,valorant,KR,20,55.2,0.71,3.47,312.0,37,162541.0,2543.0,3,1,2556.71
PL_1167,ProPlayer_167,Apex Legends,KR,16,44.4,0.57,3.63,279.0,1,16654.0,2480.0,3,3,725.14
PL_1168,ProPlayer_168,Apex Legends,euw,16,39.4,0.65,1.53,174.0,21,45657.0,1673.0,7,0,4782.63
PL_1169,ProPlayer_169,Valorant,EUW,34,39.4,0.75,2.15,337.0,19,46737.0,2576.0,0,2,7128.23
PL_1170,ProPlayer_170,Apex Legends,EUW,17,85.4,0.45,3.49,253.0,24,16417.0,1572.0,7,3,-163.52
PL_1171,ProPlayer_171,League of Legends,KR,27,64.1,0.5,2.95,279.0,14,160173.0,2963.0,4,4,3334.96
PL_1172,ProPlayer_172,Apex Legends,BR,21,37.4,0.54,1.52,183.0,48,122836.0,1059.0,0,2,5263.07
PL_1173,ProPlayer_173,valorant,,19,52.5,0.55,3.91,275.0,28,21119.0,2110.0,3,0,7249.84
PL_1174,ProPlayer_174,Apex Legends,,26,44.6,0.54,3.82,305.0,7,45684.0,-436.0,1,0,4375.26
PL_1175,ProPlayer_175,CS:GO,na,32,58.8,0.72,3.15,347.0,36,11183.0,1445.0,3,1,8862.01
PL_1176,ProPlayer_176,League of Legends,BR,21,58.2,0.65,1.7,320.0,48,98941.0,2851.0,7,3,1409.39
PL_1177,ProPlayer_177,CS:GO,EUW,20,66.3,0.61,3.8,278.0,32,12939.0,449.0,4,4,966.12
PL_1178,ProPlayer_178,valorant,,17,37.2,0.51,3.25,173.0,21,426400.0,1520.0,0,2,7035.43
PL_1179,ProPlayer_179,LoL,,21,51.6,0.69,3.85,257.0,49,151723.0,-1608.0,6,0,300.75
PL_1180,ProPlayer_180,Valorant,BR,26,23.8,0.73,3.76,220.0,46,49468.0,-52.0,0,2,5923.06
PL_1181,ProPlayer_181,Apex Legends,KR,31,31.1,0.69,3.91,262.0,4,86408.0,340.0,8,4,4410.94
PL_1182,ProPlayer_182,Apex Legends,KR,31,63.3,0.4,3.05,189.0,38,242296.0,2153.0,2,2,3198.0
PL_1183,ProPlayer_183,Valorant,,16,35.7,0.62,1.92,239.0,17,80765.0,2500.0,2,3,4146.67
PL_1184,ProPlayer_184,Apex Legends,euw,24,37.4,0.42,3.51,224.0,37,19176.0,1916.0,5,1,2421.86
PL_1185,ProPlayer_185,League of Legends,,21,49.9,0.49,3.36,223.0,36,47594.0,1426.0,9,2,4363.33
PL_1186,ProPlayer_186,valorant,KR,31,60.4,0.42,3.73,223.0,29,185243.0,1431.0,5,1,5034.84
PL_1187,ProPlayer_187,Apex Legends,EUW,18,34.1,0.61,2.01,243.0,30,103342.0,3074.0,5,4,4167.56
PL_1188,ProPlayer_188,League of Legends,EUW,19,-2.2,0.64,2.08,264.0,9,105189.0,2319.0,0,1,3830.13
PL_1189,ProPlayer_189,Valorant,na,34,36.9,0.44,4.17,125.0,14,201606.0,1499.0,4,2,5508.27
PL_1190,ProPlayer_190,League of Legends,EUW,18,68.1,0.53,3.75,131.0,41,224406.0,3940.0,5,2,8319.14
PL_1191,ProPlayer_191,Dota 2,LAN,34,55.1,0.56,4.22,233.0,47,252313.0,4925.0,7,0,4467.59
PL_1192,ProPlayer_192,League of Legends,na,22,69.9,0.53,3.78,240.0,43,9965.0,131.0,0,2,6639.98
PL_1193,ProPlayer_193,Valorant,KR,24,33.0,0.44,3.29,259.0,17,78553.0,2784.0,4,1,3067.65
PL_1194,ProPlayer_194,LoL,BR,16,25.4,0.55,3.46,214.0,22,134903.0,6635.0,2,0,2331.84
PL_1195,ProPlayer_195,CS:GO,,23,56.9,0.66,4.17,250.0,32,141439.0,2420.0,1,2,4851.915556701031
PL_1196,ProPlayer_196,League of Legends,na,22,53.6,0.42,3.24,256.0,15,93322.0,2173.0,7,2,4532.93
PL_1197,ProPlayer_197,valorant,LAN,33,54.6,0.43,3.4,213.0,37,18246.0,1916.0,6,4,7258.99
PL_1198,ProPlayer_198,LoL,,23,64.0,0.52,1.97,301.0,34,159662.0,2735.0,9,0,7650.85
PL_1199,ProPlayer_199,valorant,na,16,56.3,0.73,2.92,259.0,33,65902.5,3132.0,6,4,6678.17
PL_1200,ProPlayer_200,Valorant,BR,26,56.1,0.63,3.65,277.0,27,9007.0,133.0,4,4,6634.72
PL_1201,ProPlayer_201,Dota 2,EUW,33,60.7,0.64,2.31,253.0,1,62326.0,1960.0,8,4,-1850.73
PL_1202,ProPlayer_202,League of Legends,euw,25,57.5,0.53,2.11,355.0,29,19113.0,-1404.0,4,3,5889.04
PL_1203,ProPlayer_203,Apex Legends,EUW,18,62.9,0.61,2.44,280.0,12,41170.0,1686.0,1,4,6725.76
PL_1204,ProPlayer_204,Dota 2,EUW,22,65.1,0.4,2.22,226.0,40,1824.0,646.0,2,1,2456.43
PL_1205,ProPlayer_205,LoL,LAN,31,73.0,0.62,2.14,291.0,15,51137.0,2509.0,3,2,5017.55
PL_1206,ProPlayer_206,valorant,,31,40.3,0.72,2.77,168.0,4,79823.0,-485.0,4,3,2914.54
PL_1207,ProPlayer_207,Apex Legends,EUW,32,57.2,0.61,4.22,256.0,27,96648.0,1232.0,2,4,7055.02
PL_1208,ProPlayer_208,CS:GO,LAN,17,44.4,0.71,3.02,266.0,38,108912.0,3450.0,6,2,3088.0
PL_1209,ProPlayer_209,Valorant,LAN,16,37.5,0.65,2.06,257.0,44,180966.0,986.0,4,0,3414.28
PL_1210,ProPlayer_210,LoL,,31,39.7,0.44,1.73,233.0,19,24266.0,-857.0,4,0,4071.9
PL_1211,ProPlayer_211,League of Legends,LAN,27,57.4,0.72,3.59,199.0,23,12838.0,2386.0,5,2,9498.82
PL_1212,ProPlayer_212,Dota 2,EUW,20,56.3,0.42,2.65,211.0,26,190742.0,1120.0,6,1,7009.34
PL_1213,ProPlayer_213,LoL,EUW,20,56.0,0.59,3.97,255.0,29,17032.0,1721.0,9,2,8225.21
PL_1214,ProPlayer_214,Apex Legends,,24,46.6,0.45,3.48,194.0,44,367932.0,905.0,9,2,1373.76
PL_1215,ProPlayer_215,League of Legends,EUW,24,50.1,0.4,3.89,339.0,26,184857.0,4962.0,7,3,2461.41
PL_1216,ProPlayer_216,CS:GO,,18,62.3,0.55,2.32,118.0,25,69490.0,-337.0,8,0,7677.16
PL_1217,ProPlayer_217,League of Legends,euw,34,27.7,0.5,3.58,234.0,6,65902.5,6250.0,3,0,1479.68
PL_1218,ProPlayer_218,valorant,na,31,50.4,0.57,2.29,256.0,41,10245.0,1414.0,4,4,3656.63
PL_1219,ProPlayer_219,LoL,BR,31,51.3,0.6,4.32,275.0,46,36106.0,2275.0,4,2,9110.68
PL_1220,ProPlayer_220,Valorant,na,18,61.3,0.42,3.41,204.0,37,101673.0,1138.0,7,2,3073.07
PL_1221,ProPlayer_221,League of Legends,EUW,16,29.7,0.44,2.47,307.0,4,43079.0,1075.0,8,1,1358.01
PL_1222,ProPlayer_222,CS:GO,EUW,26,72.4,0.6,2.31,180.0,22,263627.0,823.0,6,0,5094.95
PL_1223,ProPlayer_223,League of Legends,na,32,53.2,0.52,2.07,222.0,27,6787.0,2902.0,4,1,1440.51
PL_1224,ProPlayer_224,League of Legends,euw,23,54.0,0.66,3.58,281.0,33,65902.5,-116.0,2,3,7474.5
PL_1225,ProPlayer_225,League of Legends,euw,19,44.0,0.63,2.16,302.0,14,89371.0,2546.0,0,4,3210.28
PL_1226,ProPlayer_226,Valorant,na,21,58.1,0.7,3.29,180.0,31,105764.0,-1277.0,8,1,2809.52
PL_1227,ProPlayer_227,valorant,EUW,23,50.7,0.64,2.29,382.0,25,29526.0,2410.0,4,0,5058.76
PL_1228,ProPlayer_228,CS:GO,BR,18,68.1,0.55,3.49,205.0,47,45344.0,3274.0,8,3,4191.12
PL_1229,ProPlayer_229,LoL,euw,31,28.4,0.64,3.94,184.0,30,185585.0,88.0,9,2,5504.7
PL_1230,ProPlayer_230,CS:GO,KR,18,52.6,0.5,3.83,275.0,18,21684.0,3018.0,3,3,6043.01
PL_1231,ProPlayer_231,Apex Legends,KR,33,56.1,0.51,3.78,233.0,8,175370.0,2077.0,4,1,4565.42
PL_1232,ProPlayer_232,valorant,BR,29,47.2,0.68,2.06,225.0,28,82703.0,4398.0,3,0,2677.1
PL_1233,ProPlayer_233,LoL,KR,33,43.9,0.56,1.77,280.0,38,143627.0,717.0,1,1,6461.02
PL_1234,ProPlayer_234,valorant,BR,17,44.6,0.68,3.6,174.0,3,125039.0,6224.0,0,2,3613.18
PL_1235,ProPlayer_235,Valorant,,18,52.6,0.69,2.61,165.0,2,23257.0,-1586.0,7,2,3261.82
PL_1236,ProPlayer_236,Valorant,na,31,22.9,0.7,2.8,220.0,28,84121.0,1506.0,3,0,5285.32
PL_1237,ProPlayer_237,League of Legends,BR,24,64.5,0.72,1.59,304.0,10,202285.0,-548.0,4,4,1142.68
PL_1238,ProPlayer_238,valorant,euw,19,42.8,0.55,2.28,222.0,32,56583.0,4777.0,5,3,5781.75
PL_1239,ProPlayer_239,valorant,,16,51.9,0.51,1.6,330.0,37,339892.0,1607.0,7,3,5391.52
PL_1240,ProPlayer_240,League of Legends,EUW,19,55.5,0.6,4.14,310.0,10,60187.0,1742.0,7,2,7243.64
PL_1241,ProPlayer_241,Valorant,LAN,16,42.1,0.53,2.23,264.0,26,15406.0,2665.0,6,1,3999.22
PL_1242,ProPlayer_242,Apex Legends,KR,29,48.0,0.61,3.17,267.0,32,49336.0,1993.0,3,1,7649.66
PL_1243,ProPlayer_243,CS:GO,LAN,31,19.5,0.65,1.62,264.0,20,303037.0,1109.0,5,4,6059.29
PL_1244,ProPlayer_244,Apex Legends,,23,61.0,0.64,3.5,258.0,38,38525.0,115.0,3,1,4946.42
PL_1245,ProPlayer_245,Apex Legends,na,22,66.2,0.53,2.47,232.0,30,202569.0,2253.0,6,3,8633.39
PL_1246,ProPlayer_246,League of Legends,KR,18,24.5,0.46,4.19,237.0,37,213074.0,2568.0,0,1,5190.43
PL_1247,ProPlayer_247,League of Legends,EUW,32,43.9,0.55,4.16,197.0,45,43106.0,3043.0,4,4,3963.27
PL_1248,ProPlayer_248,CS:GO,euw,16,31.6,0.45,2.48,139.0,1,8692.0,4869.0,9,3,5247.68
PL_1249,ProPlayer_249,Dota 2,na,31,47.3,0.71,4.2,305.0,26,128937.0,-1261.0,9,1,3922.06
PL_1250,ProPlayer_250,League of Legends,EUW,27,59.7,0.52,4.49,258.0,35,37325.0,1898.0,3,3,5747.29
PL_1251,ProPlayer_251,valorant,na,34,64.8,0.45,3.98,250.0,10,152750.0,3788.0,6,2,7641.37
PL_1252,ProPlayer_252,Apex Legends,LAN,29,66.8,0.41,4.03,270.0,46,58457.0,1813.0,8,2,4983.99
PL_1253,ProPlayer_253,Valorant,na,21,69.7,0.63,2.25,209.0,17,66410.0,-1507.0,4,2,5180.28
PL_1254,ProPlayer_254,Apex Legends,BR,21,46.7,0.62,3.23,200.0,0,150466.0,63.0,3,1,6595.66
PL_1255,ProPlayer_255,Dota 2,KR,28,32.8,0.52,1.7,236.0,34,48185.0,2493.0,8,4,7374.48
PL_1256,ProPlayer_256,valorant,KR,34,48.3,0.43,1.78,318.0,34,58541.0,2438.0,4,3,4094.73
PL_1257,ProPlayer_257,CS:GO,euw,23,59.5,0.54,4.5,192.0,30,47191.0,3009.0,8,0,5344.67
PL_1258,ProPlayer_258,Dota 2,na,17,31.6,0.51,2.48,119.0,27,45782.0,828.0,7,2,6604.52
PL_1259,ProPlayer_259,Apex Legends,,16,74.9,0.64,3.74,224.0,38,74643.0,2390.0,3,2,5659.9
PL_1260,ProPlayer_260,valorant,na,30,63.5,0.61,3.92,307.0,0,165443.0,581.0,6,0,1275.82
PL_1261,ProPlayer_261,Apex Legends,na,16,46.9,0.53,4.07,163.0,24,44905.0,2390.0,4,0,6965.45
PL_1262,ProPlayer_262,Apex Legends,BR,20,39.3,0.48,4.49,191.0,42,74287.0,2080.0,9,1,6045.76
PL_1263,ProPlayer_263,Apex Legends,,31,40.0,0.75,2.22,263.0,37,111086.0,769.0,3,3,6187.9
PL_1264,ProPlayer_264,Apex Legends,KR,34,51.1,0.56,1.62,378.0,19,31394.0,4337.0,4,2,2615.7
PL_1265,ProPlayer_265,Dota 2,euw,19,46.6,0.64,2.73,182.0,2,32506.0,-558.0,4,4,5304.78
PL_1266,ProPlayer_266,LoL,EUW,18,64.3,0.45,1.89,180.0,1,270924.0,1788.0,8,1,6686.69
PL_1267,ProPlayer_267,Apex Legends,na,32,44.9,0.57,1.57,267.0,17,128566.0,736.0,8,1,3238.84
PL_1268,ProPlayer_268,Apex Legends,EUW,32,57.6,0.41,2.58,310.0,43,86082.0,4751.0,5,4,3758.91
PL_1269,ProPlayer_269,League of Legends,BR,27,49.6,0.58,3.85,219.0,9,104332.0,2898.0,3,4,6720.96
PL_1270,ProPlayer_270,valorant,BR,29,54.0,0.74,3.2,169.0,4,2973.0,1026.0,1,4,3665.79
PL_1271,ProPlayer_271,League of Legends,LAN,21,46.5,0.53,2.44,272.0,8,96260.0,1580.0,2,0,4582.98
PL_1272,ProPlayer_272,Dota 2,,18,60.6,0.41,3.46,281.0,1,71234.0,4792.0,1,2,2930.76
PL_1273,ProPlayer_273,Valorant,KR,24,60.8,0.41,2.2,339.0,33,78910.0,581.0,4,0,8639.88
PL_1274,ProPlayer_274,League of Legends,EUW,20,56.9,0.54,1.54,283.0,37,44538.0,-647.0,5,2,6041.25
PL_1275,ProPlayer_275,CS:GO,BR,32,59.1,0.46,3.79,291.0,30,8498.0,2437.0,4,0,4489.21
PL_1276,ProPlayer_276,Dota 2,,29,35.8,0.41,3.37,237.0,9,21485.0,2470.0,1,3,4115.25
PL_1277,ProPlayer_277,valorant,euw,18,54.8,0.66,3.79,372.0,49,301073.0,2999.0,4,2,2543.27
PL_1278,ProPlayer_278,valorant,,16,68.7,0.56,1.62,230.0,11,52543.0,3009.0,8,1,4779.8
PL_1279,ProPlayer_279,League of Legends,BR,16,57.4,0.5,4.01,219.0,35,62863.0,4656.0,3,2,6330.12
PL_1280,ProPlayer_280,Apex Legends,BR,18,34.5,0.72,3.36,340.0,20,5414.0,-577.0,9,2,3380.37
PL_1281,ProPlayer_281,CS:GO,na,33,49.3,0.44,3.19,176.0,48,3829.0,196.0,1,2,5211.08
PL_1282,ProPlayer_282,Dota 2,KR,25,55.6,0.73,3.37,158.0,46,126294.0,2993.0,2,3,4265.24
PL_1283,ProPlayer_283,League of Legends,euw,18,38.6,0.51,4.09,256.0,5,77239.0,342.0,2,0,7760.23
PL_1284,ProPlayer_284,Apex Legends,na,23,29.6,0.71,3.26,250.0,47,71071.0,-185.0,8,1,4851.915556701031
PL_1285,ProPlayer_285,valorant,BR,29,45.3,0.61,3.24,239.0,48,27855.0,4799.0,3,0,6554.31
PL_1286,ProPlayer_286,League of Legends,,33,38.9,0.69,4.47,300.0,2,136551.0,-430.0,0,0,7788.05
PL_1287,ProPlayer_287,CS:GO,na,30,49.8,0.74,3.77,205.0,9,18420.0,1473.0,0,4,4245.74
PL_1288,ProPlayer_288,Apex Legends,na,17,26.1,0.5,2.83,253.0,4,21064.0,1911.0,6,3,3822.85
PL_1289,ProPlayer_289,Dota 2,BR,25,58.5,0.74,3.62,232.0,45,61750.0,3964.0,6,4,6845.4
PL_1290,ProPlayer_290,League of Legends,BR,17,40.5,0.54,2.67,205.0,25,33726.0,-803.0,1,3,1437.55
PL_1291,ProPlayer_291,Valorant,,32,64.9,0.53,2.19,247.0,20,28430.0,2623.0,8,0,5861.19
PL_1292,ProPlayer_292,Dota 2,EUW,23,45.8,0.52,3.29,293.0,44,103630.0,664.0,8,0,1849.36
PL_1293,ProPlayer_293,League of Legends,BR,16,49.6,0.59,4.28,356.0,25,105260.0,2941.0,4,3,7444.82
PL_1294,ProPlayer_294,Valorant,euw,24,47.4,0.45,4.29,279.0,37,174021.0,640.0,2,0,4851.915556701031
PL_1295,ProPlayer_295,valorant,,26,39.7,0.59,2.53,124.0,43,54078.0,4358.0,2,0,4818.44
PL_1296,ProPlayer_296,Valorant,EUW,31,87.1,0.59,3.08,248.0,25,7589.0,649.0,2,1,3551.5
PL_1297,ProPlayer_297,League of Legends,KR,22,42.6,0.67,2.13,252.0,7,31974.0,-1693.0,5,4,1834.59
PL_1298,ProPlayer_298,LoL,euw,25,65.4,0.69,4.49,297.0,4,391229.0,817.0,3,4,7531.72
PL_1299,ProPlayer_299,LoL,BR,18,33.6,0.55,4.44,259.0,14,90698.0,1608.0,7,4,4657.88
PL_1300,ProPlayer_300,League of Legends,KR,33,55.6,0.51,3.45,313.0,15,123696.0,3624.0,4,2,11417.54
PL_1301,ProPlayer_301,CS:GO,na,28,57.2,0.49,3.91,270.0,0,738.0,112.0,0,1,3379.64
PL_1302,ProPlayer_302,LoL,KR,22,49.6,0.47,3.65,328.0,15,73023.0,142.0,8,4,3706.61
PL_1303,ProPlayer_303,LoL,,19,41.4,0.42,3.28,228.0,36,3825.0,3441.0,0,4,3205.51
PL_1304,ProPlayer_304,LoL,LAN,28,46.1,0.52,1.66,257.0,2,84218.0,-63.0,5,1,4647.68
PL_1305,ProPlayer_305,Apex Legends,KR,16,44.0,0.49,2.86,291.0,46,253541.0,1732.0,0,0,8150.44
PL_1306,ProPlayer_306,LoL,KR,23,86.0,0.74,3.52,221.0,30,345520.0,1762.0,2,4,7020.27
PL_1307,ProPlayer_307,Apex Legends,BR,29,49.7,0.6,3.53,210.0,12,77773.0,2326.0,9,0,1990.89
PL_1308,ProPlayer_308,League of Legends,,31,57.9,0.52,2.62,219.0,15,61286.0,875.0,4,4,7408.24
PL_1309,ProPlayer_309,valorant,KR,29,76.7,0.6,4.33,213.0,42,290073.0,610.0,9,3,6365.58
PL_1310,ProPlayer_310,valorant,EUW,27,36.9,0.45,2.0,276.0,20,111966.0,2502.0,6,2,5962.78
PL_1311,ProPlayer_311,Valorant,na,34,50.6,0.56,3.0,158.0,1,6710.0,656.0,9,4,3631.52
PL_1312,ProPlayer_312,Apex Legends,EUW,30,46.0,0.62,3.57,172.0,26,62684.0,-40.0,7,3,3780.18
PL_1313,ProPlayer_313,CS:GO,na,17,48.7,0.57,3.59,343.0,37,27475.0,3842.0,8,1,5274.13
PL_1314,ProPlayer_314,LoL,EUW,17,47.3,0.54,3.45,214.0,25,63450.0,2732.0,5,3,3893.67
PL_1315,ProPlayer_315,Valorant,,34,39.0,0.75,2.33,260.0,37,60782.0,4651.0,8,1,7625.26
PL_1316,ProPlayer_316,Apex Legends,KR,32,52.9,0.71,1.97,176.0,45,87262.0,3176.0,7,4,3808.09
PL_1317,ProPlayer_317,LoL,BR,25,34.1,0.62,3.41,255.0,24,44125.0,98.0,8,1,1106.47
PL_1318,ProPlayer_318,valorant,KR,21,64.8,0.6,3.3,214.0,10,17945.0,2145.0,9,3,2397.09
PL_1319,ProPlayer_319,CS:GO,EUW,30,59.3,0.62,2.04,172.0,7,70061.0,477.0,3,2,2524.07
PL_1320,ProPlayer_320,Valorant,,26,42.6,0.47,3.62,317.0,7,177315.0,-477.0,8,0,4473.3
PL_1321,ProPlayer_321,Dota 2,EUW,20,43.3,0.54,2.87,309.0,32,65902.5,1329.0,6,0,5432.13
PL_1322,ProPlayer_322,CS:GO,BR,16,54.1,0.41,3.5,245.0,6,41304.0,3472.0,4,2,5107.6
PL_1323,ProPlayer_323,LoL,na,23,38.0,0.57,4.01,300.0,37,274144.0,2412.0,4,0,5921.82
PL_1324,ProPlayer_324,Dota 2,,27,77.2,0.59,2.01,345.0,20,243278.0,-86.0,0,4,4495.44
PL_1325,ProPlayer_325,Dota 2,na,27,55.4,0.48,1.56,288.0,7,23489.0,1276.0,1,4,4566.19
PL_1326,ProPlayer_326,Apex Legends,EUW,20,55.9,0.74,3.84,274.0,20,4021.0,1786.0,9,3,8503.72
PL_1327,ProPlayer_327,Dota 2,EUW,22,60.2,0.72,3.33,260.0,19,135211.0,-534.0,2,3,7410.72
PL_1328,ProPlayer_328,League of Legends,LAN,19,41.3,0.65,3.6,282.0,7,175799.0,3070.0,7,1,5816.6
PL_1329,ProPlayer_329,Dota 2,na,21,66.3,0.59,4.01,232.0,45,343779.0,1657.0,5,3,6833.34
PL_1330,ProPlayer_330,League of Legends,na,28,51.7,0.7,3.91,236.0,30,220578.0,-86.0,9,4,1147.57
PL_1331,ProPlayer_331,Apex Legends,EUW,30,64.3,0.45,4.38,273.0,49,91762.0,-171.0,4,3,3354.92
PL_1332,ProPlayer_332,Apex Legends,,18,47.0,0.68,3.11,226.0,28,75513.0,3651.0,0,0,4135.59
PL_1333,ProPlayer_333,League of Legends,,23,69.8,0.44,2.97,232.0,47,2823.0,1429.0,8,1,3378.47
PL_1334,ProPlayer_334,League of Legends,euw,31,56.0,0.68,2.71,250.0,8,28323.0,3786.0,2,1,1908.53
PL_1335,ProPlayer_335,Dota 2,BR,28,82.7,0.5,1.96,308.0,14,61547.0,4358.0,2,4,5841.09
PL_1336,ProPlayer_336,valorant,,33,44.5,0.71,3.22,193.0,29,99021.0,3534.0,1,3,7771.5
PL_1337,ProPlayer_337,Apex Legends,EUW,25,53.1,0.73,2.33,288.0,25,81475.0,1200.0,3,0,4974.38
PL_1338,ProPlayer_338,Apex Legends,,34,34.5,0.45,4.26,290.0,9,135726.0,-1747.0,1,3,6296.36
PL_1339,ProPlayer_339,League of Legends,LAN,32,42.1,0.56,3.25,289.0,28,32818.0,2469.0,8,2,4914.93
PL_1340,ProPlayer_340,Valorant,EUW,34,59.3,0.74,3.28,210.0,15,83230.0,5137.0,9,3,4116.72
PL_1341,ProPlayer_341,CS:GO,euw,20,66.9,0.57,2.56,165.0,35,9227.0,1947.0,6,4,6838.39
PL_1342,ProPlayer_342,LoL,,24,94.5,0.7,1.66,278.0,19,53386.0,-985.0,7,3,2143.62
PL_1343,ProPlayer_343,valorant,KR,27,48.6,0.61,1.6,259.0,44,138693.0,988.0,2,1,1273.19
PL_1344,ProPlayer_344,League of Legends,EUW,16,36.0,0.53,2.77,300.0,36,118221.0,1724.0,5,0,2115.4
PL_1345,ProPlayer_345,Apex Legends,,16,61.3,0.5,1.75,215.0,21,467160.0,353.0,9,4,6707.18
PL_1346,ProPlayer_346,Apex Legends,BR,30,33.1,0.47,3.32,288.0,6,32557.0,-1846.0,5,2,5174.42
PL_1347,ProPlayer_347,Valorant,LAN,17,58.5,0.67,4.14,303.0,22,68953.0,1853.0,0,0,5753.08
PL_1348,ProPlayer_348,LoL,na,31,42.5,0.54,4.15,245.0,40,65902.5,823.0,5,0,8353.85
PL_1349,ProPlayer_349,CS:GO,EUW,23,53.2,0.58,3.48,271.0,39,58089.0,4659.0,2,1,2673.32
PL_1350,ProPlayer_350,valorant,euw,28,66.4,0.57,2.13,269.0,28,194456.0,2152.0,2,1,7408.34
PL_1351,ProPlayer_351,valorant,,16,48.3,0.6,4.09,209.0,15,115267.0,2704.0,2,1,4207.35
PL_1352,ProPlayer_352,League of Legends,LAN,31,64.0,0.7,4.16,277.0,37,214081.0,1821.0,9,4,3903.28
PL_1353,ProPlayer_353,Dota 2,na,22,63.1,0.74,2.09,331.0,27,22754.0,2141.0,9,3,5162.44
PL_1354,ProPlayer_354,Valorant,euw,20,22.0,0.54,3.71,251.0,47,206641.0,-478.0,7,0,5475.47
PL_1355,ProPlayer_355,League of Legends,KR,18,36.5,0.69,2.36,177.0,37,65902.5,440.0,4,3,4578.92
PL_1356,ProPlayer_356,LoL,KR,27,26.6,0.67,3.91,216.0,30,219462.0,3633.0,3,3,6220.63
PL_1357,ProPlayer_357,Dota 2,KR,31,80.0,0.6,4.49,161.0,13,39909.0,2314.0,8,1,5170.49
PL_1358,ProPlayer_358,Valorant,LAN,34,48.4,0.73,1.59,315.0,32,37773.0,1402.0,8,3,4601.34
PL_1359,ProPlayer_359,Apex Legends,,20,76.7,0.47,4.19,288.0,8,71762.0,2729.0,0,0,4167.43
PL_1360,ProPlayer_360,Dota 2,euw,29,25.5,0.44,3.37,225.0,26,282498.0,2759.0,1,0,5476.69
PL_1361,ProPlayer_361,LoL,EUW,20,41.4,0.7,4.42,179.0,23,4896.0,4986.0,7,2,2286.68
PL_1362,ProPlayer_362,League of Legends,,30,62.0,0.55,2.9,208.0,12,43422.0,2245.0,4,4,2851.07
PL_1363,ProPlayer_363,Apex Legends,na,32,52.7,0.7,4.04,218.0,25,194192.0,406.0,6,3,4265.1
PL_1364,ProPlayer_364,Apex Legends,,29,58.0,0.71,1.69,255.0,28,50427.0,1826.0,0,4,6089.75
PL_1365,ProPlayer_365,League of Legends,BR,20,31.2,0.42,2.51,254.0,48,65902.5,2911.0,9,4,9285.7
PL_1366,ProPlayer_366,Valorant,LAN,27,70.7,0.71,1.7,317.0,42,65902.5,3493.0,4,4,4681.35
PL_1367,ProPlayer_367,valorant,EUW,31,61.7,0.56,4.43,215.0,27,48703.0,-423.0,2,4,1451.54
PL_1368,ProPlayer_368,Dota 2,LAN,31,56.0,0.58,3.95,175.0,27,247001.0,2381.0,9,0,3419.5
PL_1369,ProPlayer_369,League of Legends,LAN,22,39.7,0.62,4.06,192.0,7,143520.0,654.0,1,3,6317.78
PL_1370,ProPlayer_370,League of Legends,BR,19,54.9,0.72,4.31,249.0,22,70343.0,1150.0,1,2,3059.44
PL_1371,ProPlayer_371,League of Legends,BR,16,45.6,0.41,1.76,214.0,28,445421.0,3269.0,8,4,2388.51
PL_1372,ProPlayer_372,Apex Legends,euw,20,25.2,0.57,2.66,235.0,4,62600.0,3119.0,3,2,6307.34
PL_1373,ProPlayer_373,Dota 2,EUW,25,49.2,0.64,1.71,227.0,41,6000.0,983.0,3,0,5929.76
PL_1374,ProPlayer_374,League of Legends,na,20,47.6,0.65,2.13,300.0,6,30418.0,1763.0,6,0,2054.92
PL_1375,ProPlayer_375,League of Legends,euw,19,65.9,0.64,2.19,221.0,41,57282.0,1196.0,9,1,3210.01
PL_1376,ProPlayer_376,League of Legends,EUW,17,16.5,0.45,2.91,231.0,35,65902.5,6338.0,9,4,7489.34
PL_1377,ProPlayer_377,Apex Legends,na,25,53.5,0.5,2.31,286.0,40,294818.0,2418.0,1,1,6705.69
PL_1378,ProPlayer_378,valorant,,34,32.7,0.53,1.8,222.0,26,145606.0,741.0,2,2,2605.26
PL_1379,ProPlayer_379,Dota 2,,16,54.8,0.68,2.0,271.0,45,31236.0,3983.0,2,3,1022.22
PL_1380,ProPlayer_380,valorant,BR,20,55.6,0.5,1.94,267.0,1,89356.0,4036.0,5,1,5537.04
PL_1381,ProPlayer_381,CS:GO,EUW,28,48.7,0.47,4.42,257.0,24,127815.0,4688.0,2,0,4407.86
PL_1382,ProPlayer_382,LoL,KR,19,62.1,0.74,3.78,193.0,8,283495.0,5132.0,4,4,5363.48
PL_1383,ProPlayer_383,Dota 2,KR,31,31.3,0.4,4.4,311.0,26,213398.0,3062.0,3,2,6269.32
PL_1384,ProPlayer_384,Apex Legends,EUW,31,66.6,0.75,2.82,361.0,0,72400.0,1475.0,2,0,3087.46
PL_1385,ProPlayer_385,CS:GO,LAN,17,39.4,0.64,2.34,250.0,22,149011.0,1696.0,7,3,4135.71
PL_1386,ProPlayer_386,Apex Legends,KR,32,26.7,0.69,3.89,198.0,9,82586.0,1562.0,9,4,3201.88
PL_1387,ProPlayer_387,CS:GO,,27,45.9,0.5,2.48,251.0,41,80453.0,1394.0,2,3,3273.53
PL_1388,ProPlayer_388,Dota 2,na,33,18.6,0.41,2.4,299.0,24,12187.0,3860.0,5,3,6129.52
PL_1389,ProPlayer_389,CS:GO,BR,18,53.8,0.66,2.2,219.0,2,13483.0,2001.0,6,4,5288.14
PL_1390,ProPlayer_390,valorant,LAN,16,46.1,0.69,1.89,244.0,5,75403.0,3457.0,6,4,1874.12
PL_1391,ProPlayer_391,Dota 2,LAN,16,68.5,0.66,2.27,267.0,5,31315.0,3015.0,1,3,6450.21
PL_1392,ProPlayer_392,League of Legends,euw,34,59.7,0.45,2.57,310.0,1,2126.0,352.0,2,2,4299.86
PL_1393,ProPlayer_393,Apex Legends,BR,26,29.1,0.66,3.52,289.0,17,128315.0,-576.0,9,4,6542.33
PL_1394,ProPlayer_394,Valorant,EUW,20,37.4,0.67,1.69,291.0,22,3302.0,145.0,9,0,2970.52
PL_1395,ProPlayer_395,valorant,LAN,27,57.8,0.63,2.13,229.0,1,90455.0,1360.0,3,1,3148.62
PL_1396,ProPlayer_396,Valorant,KR,18,62.7,0.67,3.93,270.0,11,77477.0,2201.0,6,2,5503.42
PL_1397,ProPlayer_397,Apex Legends,BR,16,68.3,0.7,1.94,214.0,21,65902.5,1028.0,1,4,2807.08
PL_1398,ProPlayer_398,CS:GO,EUW,16,68.2,0.61,2.53,292.0,36,66206.0,3055.0,2,4,4450.24
PL_1399,ProPlayer_399,Valorant,euw,23,48.7,0.43,4.09,308.0,19,6571.0,1208.0,6,2,2579.85
PL_1400,ProPlayer_400,valorant,KR,25,55.4,0.57,1.96,278.0,38,80226.0,2385.0,6,1,4217.26
PL_1401,ProPlayer_401,Dota 2,,26,69.5,0.43,1.75,232.0,23,183945.0,2176.0,9,3,4936.29
PL_1402,ProPlayer_402,Apex Legends,KR,27,45.5,0.54,2.95,240.0,47,576012.0,4602.0,2,0,5030.52
PL_1403,ProPlayer_403,valorant,euw,28,55.7,0.54,2.41,340.0,19,56272.0,537.0,0,4,4270.51
PL_1404,ProPlayer_404,Valorant,BR,27,45.1,0.42,3.19,232.0,0,38610.0,5313.0,2,1,5666.7
PL_1405,ProPlayer_405,Apex Legends,EUW,29,41.7,0.52,3.91,302.0,0,237143.0,1108.0,4,0,5295.6
PL_1406,ProPlayer_406,valorant,LAN,17,50.7,0.44,1.91,267.0,16,21225.0,-10.0,6,2,4821.27
PL_1407,ProPlayer_407,League of Legends,EUW,34,39.7,0.68,3.24,233.0,0,95562.0,1675.0,3,4,4851.915556701031
PL_1408,ProPlayer_408,Apex Legends,LAN,33,48.0,0.73,3.02,183.0,44,52039.0,6860.0,0,3,7136.49
PL_1409,ProPlayer_409,Apex Legends,BR,18,34.5,0.43,1.93,261.0,29,4195.0,3343.0,5,2,5772.57
PL_1410,ProPlayer_410,valorant,euw,32,47.2,0.73,3.37,255.0,40,42662.0,2904.0,1,4,2927.78
PL_1411,ProPlayer_411,Dota 2,euw,23,56.7,0.58,2.32,340.0,46,30819.0,3193.0,2,1,6297.77
PL_1412,ProPlayer_412,Dota 2,LAN,25,41.2,0.5,2.96,207.0,2,115865.0,846.0,3,0,6750.99
PL_1413,ProPlayer_413,Dota 2,EUW,17,50.1,0.43,1.75,365.0,45,297183.0,2489.0,5,0,4836.87
PL_1414,ProPlayer_414,Valorant,KR,34,52.1,0.58,2.88,269.0,10,31203.0,2004.0,5,4,4969.83
PL_1415,ProPlayer_415,Apex Legends,euw,24,56.8,0.68,2.42,269.0,23,166847.0,4714.0,6,2,882.26
PL_1416,ProPlayer_416,League of Legends,EUW,22,48.0,0.65,3.97,220.0,21,5695.0,1837.0,4,3,3313.12
PL_1417,ProPlayer_417,LoL,euw,19,66.3,0.42,1.67,266.0,43,77245.0,1433.0,6,1,6687.39
PL_1418,ProPlayer_418,League of Legends,euw,33,18.5,0.43,2.76,274.0,44,7316.0,253.0,1,4,3434.75
PL_1419,ProPlayer_419,Apex Legends,BR,28,94.1,0.54,2.88,297.0,25,271860.0,2210.0,0,1,4680.32
PL_1420,ProPlayer_420,LoL,na,26,36.9,0.5,3.68,201.0,12,145393.0,2439.0,9,0,3282.76
PL_1421,ProPlayer_421,Apex Legends,EUW,19,56.1,0.48,3.22,320.0,0,107279.0,198.0,7,3,5461.63
PL_1422,ProPlayer_422,CS:GO,KR,19,35.9,0.5,3.5,268.0,23,173668.0,2680.0,0,1,5787.49
PL_1423,ProPlayer_423,Dota 2,na,25,59.7,0.68,3.83,280.0,9,104276.0,2350.0,1,4,5840.95
PL_1424,ProPlayer_424,LoL,LAN,20,54.1,0.73,4.09,239.0,34,347197.0,3520.0,9,3,2721.28
PL_1425,ProPlayer_425,Dota 2,LAN,24,40.2,0.54,2.44,204.0,23,125161.0,3819.0,5,2,5213.4
PL_1426,ProPlayer_426,Apex Legends,euw,18,66.1,0.72,3.11,254.0,27,258572.0,2141.0,0,4,8153.14
PL_1427,ProPlayer_427,LoL,KR,32,47.5,0.51,4.02,259.0,35,72801.0,445.0,9,1,6496.98
PL_1428,ProPlayer_428,CS:GO,KR,18,58.2,0.57,4.47,181.0,15,12450.0,754.0,2,3,5186.66
PL_1429,ProPlayer_429,LoL,EUW,31,36.2,0.48,4.17,290.0,39,75115.0,4643.0,6,4,1138.05
PL_1430,ProPlayer_430,CS:GO,,19,49.5,0.62,2.61,300.0,15,13567.0,2248.0,7,3,4501.29
PL_1431,ProPlayer_431,CS:GO,EUW,33,80.1,0.74,2.09,214.0,16,89769.0,4619.0,3,3,8292.73
PL_1432,ProPlayer_432,Dota 2,,32,64.4,0.61,2.97,199.0,14,65902.5,2748.0,2,3,7637.21
PL_1433,ProPlayer_433,CS:GO,euw,22,54.6,0.53,3.72,235.0,15,97438.0,3131.0,0,1,5922.84
PL_1434,ProPlayer_434,Dota 2,,20,43.3,0.63,2.98,251.0,14,1009.0,3408.0,8,4,3561.34
PL_1435,ProPlayer_435,LoL,BR,27,51.0,0.44,2.95,237.0,33,21671.0,165.0,9,0,5104.56
PL_1436,ProPlayer_436,LoL,EUW,32,53.0,0.71,4.01,247.0,10,67595.0,2460.0,5,0,6546.96
PL_1437,ProPlayer_437,Valorant,euw,28,56.7,0.58,2.58,261.0,0,300585.0,145.0,5,1,6881.08
PL_1438,ProPlayer_438,LoL,na,18,33.9,0.56,4.08,182.0,14,48387.0,1573.0,8,1,5625.24
PL_1439,ProPlayer_439,LoL,BR,24,60.0,0.61,2.72,187.0,25,55229.0,2960.0,0,3,6710.08
PL_1440,ProPlayer_440,Apex Legends,na,32,33.7,0.62,2.48,114.0,3,125420.0,462.0,5,4,4882.61
PL_1441,ProPlayer_441,CS:GO,EUW,32,74.5,0.43,2.86,297.0,42,92581.0,2839.0,4,4,4794.19
PL_1442,ProPlayer_442,League of Legends,KR,31,38.4,0.64,3.79,251.0,4,35514.0,-248.0,5,2,4082.17
PL_1443,ProPlayer_443,Dota 2,BR,28,54.4,0.48,1.88,302.0,34,52901.0,3715.0,7,2,5849.07
PL_1444,ProPlayer_444,LoL,euw,34,65.1,0.65,2.09,193.0,12,24551.0,1003.0,4,0,7000.68
PL_1445,ProPlayer_445,Dota 2,,32,46.2,0.69,4.35,251.0,9,338202.0,459.0,1,2,6416.89
PL_1446,ProPlayer_446,League of Legends,na,19,55.1,0.68,2.03,261.0,10,13999.0,-153.0,1,2,2563.93
PL_1447,ProPlayer_447,League of Legends,EUW,27,71.5,0.59,3.2,222.0,17,46495.0,1131.0,9,0,2671.05
PL_1448,ProPlayer_448,League of Legends,BR,24,58.5,0.58,3.24,172.0,33,2617.0,-861.0,4,0,7207.28
PL_1449,ProPlayer_449,LoL,EUW,34,55.3,0.45,2.97,337.0,38,25074.0,1177.0,2,2,5353.15
PL_1450,ProPlayer_450,LoL,na,27,24.7,0.67,3.43,320.0,40,151627.0,3649.0,9,4,5431.3
PL_1451,ProPlayer_451,valorant,EUW,24,36.0,0.49,2.19,231.0,41,22461.0,1717.0,2,2,5386.23
PL_1452,ProPlayer_452,valorant,LAN,22,65.7,0.57,3.16,276.0,49,8345.0,234.0,7,3,8503.28
PL_1453,ProPlayer_453,Valorant,KR,29,58.5,0.5,2.62,226.0,22,64331.0,2339.0,6,3,4107.43
PL_1454,ProPlayer_454,League of Legends,,34,60.8,0.45,3.49,200.0,6,1001.0,2207.0,0,3,7233.27
PL_1455,ProPlayer_455,Valorant,BR,30,59.5,0.62,1.92,341.0,38,8857.0,4935.0,4,1,5467.21
PL_1456,ProPlayer_456,CS:GO,BR,31,69.3,0.42,3.21,167.0,2,164831.0,3186.0,8,3,1798.97
PL_1457,ProPlayer_457,valorant,EUW,20,46.1,0.66,2.06,236.0,11,147610.0,2458.0,3,4,3350.3
PL_1458,ProPlayer_458,CS:GO,LAN,18,51.8,0.51,2.34,254.0,6,246673.0,3358.0,0,1,3785.94
PL_1459,ProPlayer_459,League of Legends,na,27,34.6,0.4,2.16,333.0,48,192768.0,1798.0,7,1,7186.22
PL_1460,ProPlayer_460,valorant,BR,19,30.8,0.58,2.05,295.0,25,114940.0,1887.0,4,3,7454.6
PL_1461,ProPlayer_461,Dota 2,KR,31,25.3,0.42,3.98,166.0,32,5375.0,4488.0,1,2,5707.71
PL_1462,ProPlayer_462,CS:GO,,22,36.7,0.5,2.36,250.0,36,152716.0,-453.0,0,0,3954.45
PL_1463,ProPlayer_463,CS:GO,EUW,28,73.3,0.65,4.28,251.0,47,186763.0,3452.0,2,2,3178.04
PL_1464,ProPlayer_464,LoL,na,25,26.7,0.42,4.41,239.0,14,160485.0,1834.0,8,2,4851.915556701031
PL_1465,ProPlayer_465,LoL,EUW,22,45.4,0.69,3.21,281.0,1,65902.5,1563.0,0,1,2430.9
PL_1466,ProPlayer_466,Dota 2,,29,30.6,0.4,1.93,180.0,40,26514.0,1171.0,3,1,4792.22
PL_1467,ProPlayer_467,valorant,EUW,20,41.0,0.49,2.62,230.0,6,186646.0,2231.0,7,1,9728.94
PL_1468,ProPlayer_468,Dota 2,BR,18,52.5,0.66,3.89,274.0,31,129888.0,1935.0,7,4,4851.915556701031
PL_1469,ProPlayer_469,League of Legends,BR,26,39.5,0.51,2.6,284.0,3,395082.0,1378.0,9,4,2456.6
PL_1470,ProPlayer_470,valorant,euw,26,66.3,0.44,1.76,257.0,19,16923.0,946.0,7,0,1469.08
PL_1471,ProPlayer_471,valorant,BR,33,73.0,0.53,3.17,236.0,49,25575.0,-858.0,9,1,9808.01
PL_1472,ProPlayer_472,Valorant,KR,30,16.3,0.49,4.04,244.0,35,23800.0,914.0,7,3,5697.25
PL_1473,ProPlayer_473,Valorant,KR,27,39.8,0.69,3.89,287.0,31,157281.0,1232.0,3,1,3261.85
PL_1474,ProPlayer_474,Apex Legends,euw,24,50.9,0.51,2.03,252.0,27,20691.0,2227.0,7,4,4621.73
PL_1475,ProPlayer_475,Valorant,BR,25,66.9,0.68,3.52,198.0,12,6898.0,4945.0,8,1,3674.09
PL_1476,ProPlayer_476,CS:GO,EUW,27,43.2,0.71,2.16,188.0,0,654367.0,1076.0,6,4,1272.89
PL_1477,ProPlayer_477,CS:GO,EUW,32,49.7,0.55,2.15,176.0,34,2513.0,464.0,1,1,6576.23
PL_1478,ProPlayer_478,Valorant,LAN,21,32.6,0.72,4.12,323.0,47,180329.0,928.0,8,3,5067.63
PL_1479,ProPlayer_479,Apex Legends,EUW,22,27.0,0.53,2.25,290.0,29,45470.0,2230.0,7,0,6409.97
PL_1480,ProPlayer_480,LoL,BR,29,71.7,0.74,2.29,245.0,35,184272.0,2883.0,4,3,5013.1
PL_1481,ProPlayer_481,League of Legends,KR,28,22.6,0.43,1.5,227.0,24,80882.0,3093.0,2,4,5262.49
PL_1482,ProPlayer_482,LoL,EUW,23,84.9,0.64,4.11,221.0,15,231903.0,3242.0,6,2,530.36
PL_1483,ProPlayer_483,League of Legends,,25,60.9,0.57,3.88,305.0,18,260630.0,3454.0,1,3,6815.7
PL_1484,ProPlayer_484,Apex Legends,euw,24,60.2,0.54,3.38,345.0,0,913.0,1582.0,2,1,2823.38
PL_1485,ProPlayer_485,Apex Legends,,33,58.6,0.62,3.75,220.0,4,7840.0,5080.0,8,0,3335.83
PL_1486,ProPlayer_486,League of Legends,EUW,17,46.2,0.65,1.96,307.0,21,28816.0,1468.0,3,1,3944.26
PL_1487,ProPlayer_487,LoL,euw,20,55.9,0.4,2.87,251.0,23,110659.0,2164.0,3,1,882.63
PL_1488,ProPlayer_488,Valorant,BR,20,47.2,0.46,2.55,239.0,42,219168.0,3944.0,2,3,3834.89
PL_1489,ProPlayer_489,LoL,LAN,21,58.3,0.65,1.78,325.0,44,61607.0,2850.0,4,0,3695.63
PL_1490,ProPlayer_490,LoL,EUW,34,49.5,0.63,2.96,249.0,36,93387.0,-1361.0,2,2,4244.33
PL_1491,ProPlayer_491,valorant,na,23,35.7,0.74,4.26,265.0,35,20887.0,2008.0,8,1,1597.64
PL_1492,ProPlayer_492,CS:GO,LAN,31,36.9,0.67,1.62,262.0,35,163458.0,3293.0,2,0,6855.42
PL_1493,ProPlayer_493,Apex Legends,KR,28,35.2,0.73,2.37,169.0,3,65902.5,-15.0,1,2,5796.11
PL_1494,ProPlayer_494,CS:GO,EUW,16,64.6,0.65,2.12,264.0,35,31279.0,3126.0,4,1,3271.92
PL_1495,ProPlayer_495,Valorant,BR,32,40.7,0.5,2.21,222.0,17,68285.0,2585.0,5,0,3836.91
PL_1496,ProPlayer_496,valorant,LAN,22,21.3,0.44,4.23,179.0,49,9005.0,3776.0,0,3,6676.3
PL_1497,ProPlayer_497,Apex Legends,KR,28,56.0,0.67,2.9,224.0,15,81902.0,962.0,5,1,4485.05
PL_1498,ProPlayer_498,League of Legends,euw,19,72.7,0.63,2.9,224.0,40,69872.0,3494.0,9,1,2518.93
PL_1499,ProPlayer_499,League of Legends,na,19,61.6,0.42,3.78,301.0,17,15599.0,2239.0,2,0,4832.82
PL_1500,ProPlayer_500,Dota 2,KR,21,41.0,0.53,1.96,197.0,21,58351.0,4649.0,3,1,2824.31
PL_1501,ProPlayer_501,CS:GO,euw,34,26.2,0.73,2.96,211.0,1,65902.5,6179.0,5,2,3584.25
PL_1502,ProPlayer_502,Dota 2,LAN,27,48.0,0.58,2.79,262.0,20,73779.0,4307.0,7,1,4851.915556701031
PL_1503,ProPlayer_503,Apex Legends,BR,22,47.6,0.55,3.29,184.0,35,88105.0,2721.0,8,4,7110.42
PL_1504,ProPlayer_504,Valorant,na,25,35.5,0.56,4.5,217.0,43,853.0,5482.0,5,2,9046.65
PL_1505,ProPlayer_505,Apex Legends,na,34,58.3,0.47,3.81,167.0,38,143131.0,2905.0,6,0,7725.23
PL_1506,ProPlayer_506,CS:GO,,22,77.7,0.53,2.69,296.0,46,124832.0,638.0,4,2,4856.29
PL_1507,ProPlayer_507,valorant,BR,18,53.3,0.53,3.98,235.0,38,45615.0,1941.0,8,4,9514.7
PL_1508,ProPlayer_508,CS:GO,BR,28,52.4,0.42,2.01,249.0,28,5438.0,3143.0,3,4,6116.54
PL_1509,ProPlayer_509,valorant,KR,28,35.9,0.67,1.59,296.0,25,140622.0,3239.0,9,1,3040.62
PL_1510,ProPlayer_510,LoL,KR,33,71.0,0.55,2.11,214.0,20,310499.0,312.0,5,1,5189.1
PL_1511,ProPlayer_511,CS:GO,,23,48.9,0.69,2.52,234.0,16,27463.0,360.0,4,3,3686.17
PL_1512,ProPlayer_512,League of Legends,LAN,24,41.3,0.7,3.03,197.0,15,65902.5,1488.0,0,2,2504.19
PL_1513,ProPlayer_513,Dota 2,BR,22,51.0,0.47,3.35,197.0,30,20311.0,2802.0,4,3,2651.55
PL_1514,ProPlayer_514,Valorant,KR,16,57.1,0.63,4.23,204.0,8,86023.0,2994.0,4,4,4705.53
PL_1515,ProPlayer_515,Apex Legends,KR,18,52.1,0.57,3.03,225.0,30,16823.0,2212.0,8,1,6508.41
PL_1516,ProPlayer_516,Valorant,LAN,28,68.1,0.71,3.0,231.0,13,44035.0,748.0,0,1,7136.41
PL_1517,ProPlayer_517,valorant,LAN,32,55.8,0.48,1.65,264.0,48,119406.0,4605.0,4,1,2510.56
PL_1518,ProPlayer_518,Apex Legends,euw,16,45.7,0.64,1.6,205.0,36,82124.0,392.0,6,0,4393.48
PL_1519,ProPlayer_519,Valorant,KR,21,56.0,0.61,3.15,266.0,1,48851.0,3954.0,5,4,5973.18
PL_1520,ProPlayer_520,Valorant,na,21,57.5,0.5,2.81,274.0,47,54515.0,3108.0,5,1,5303.72
PL_1521,ProPlayer_521,Apex Legends,KR,27,30.6,0.45,4.02,227.0,45,82578.0,3920.0,6,4,6389.09
PL_1522,ProPlayer_522,LoL,na,28,67.2,0.63,1.98,210.0,13,588.0,1333.0,5,1,4130.61
PL_1523,ProPlayer_523,Apex Legends,LAN,28,45.5,0.66,1.57,254.0,32,8176.0,1786.0,4,2,7545.83
PL_1524,ProPlayer_524,LoL,euw,30,45.9,0.51,2.85,240.0,34,213080.0,2083.0,9,4,4991.52
PL_1525,ProPlayer_525,LoL,LAN,31,61.3,0.63,2.21,261.0,38,8107.0,1285.0,4,3,6515.45
PL_1526,ProPlayer_526,League of Legends,KR,26,61.2,0.54,1.65,328.0,46,122691.0,2338.0,8,0,4238.45
PL_1527,ProPlayer_527,League of Legends,na,20,39.5,0.65,3.67,253.0,19,252620.0,4369.0,7,3,5116.78
PL_1528,ProPlayer_528,CS:GO,LAN,19,62.0,0.47,1.83,218.0,1,31564.0,55.0,9,4,1807.95
PL_1529,ProPlayer_529,valorant,,18,41.6,0.71,3.32,205.0,40,46281.0,1014.0,3,1,3326.49
PL_1530,ProPlayer_530,CS:GO,na,34,77.3,0.5,2.34,207.0,18,84146.0,851.0,3,4,4585.07
PL_1531,ProPlayer_531,CS:GO,EUW,33,37.6,0.53,2.02,177.0,36,213460.0,1858.0,9,0,5200.12
PL_1532,ProPlayer_532,Apex Legends,,30,53.6,0.42,2.64,297.0,17,284568.0,1797.0,4,4,10362.4
PL_1533,ProPlayer_533,CS:GO,euw,24,38.3,0.44,3.9,138.0,15,134539.0,3158.0,2,1,4236.2
PL_1534,ProPlayer_534,Valorant,LAN,32,83.3,0.58,2.68,274.0,3,9060.0,2051.0,7,3,2246.72
PL_1535,ProPlayer_535,Valorant,LAN,29,31.4,0.49,3.75,207.0,11,110610.0,2454.0,6,2,8404.97
PL_1536,ProPlayer_536,valorant,KR,30,57.9,0.69,1.88,224.0,28,52814.0,2598.0,4,3,7157.68
PL_1537,ProPlayer_537,valorant,,16,39.0,0.41,3.82,205.0,6,63620.0,2368.0,9,1,2686.98
PL_1538,ProPlayer_538,Dota 2,EUW,18,44.7,0.53,2.21,322.0,13,5039.0,3055.0,2,1,5930.52
PL_1539,ProPlayer_539,LoL,na,31,56.8,0.52,3.53,251.0,11,21203.0,1817.0,4,0,6670.41
PL_1540,ProPlayer_540,Dota 2,,26,68.4,0.41,3.2,290.0,34,156309.0,4470.0,2,4,5327.65
PL_1541,ProPlayer_541,LoL,LAN,27,74.4,0.44,4.29,315.0,4,60506.0,5812.0,9,4,5651.64
PL_1542,ProPlayer_542,CS:GO,BR,25,26.9,0.54,2.66,258.0,16,35905.0,3059.0,4,3,3735.49
PL_1543,ProPlayer_543,Valorant,,31,54.0,0.57,1.7,190.0,41,48453.0,2342.0,0,2,6007.58
PL_1544,ProPlayer_544,CS:GO,LAN,23,71.9,0.54,1.56,239.0,31,192688.0,2937.0,5,2,4017.29
PL_1545,ProPlayer_545,Apex Legends,na,21,24.7,0.59,3.98,213.0,9,65902.5,348.0,9,0,-290.79
PL_1546,ProPlayer_546,LoL,EUW,27,54.7,0.61,3.07,225.0,42,31788.0,2270.0,3,1,5392.53
PL_1547,ProPlayer_547,Valorant,na,23,50.0,0.4,3.83,245.0,16,12499.0,903.0,3,0,1648.1
PL_1548,ProPlayer_548,Valorant,BR,19,56.2,0.56,2.2,243.0,4,29034.0,2765.0,7,4,7026.99
PL_1549,ProPlayer_549,Valorant,euw,23,38.4,0.74,2.54,271.0,44,253522.0,910.0,1,1,2738.36
PL_1550,ProPlayer_550,CS:GO,KR,33,28.5,0.58,1.59,278.0,41,87129.0,1483.0,3,0,93.99
PL_1551,ProPlayer_551,League of Legends,BR,20,21.3,0.64,4.38,243.0,8,76245.0,-808.0,1,3,1461.42
PL_1552,ProPlayer_552,Valorant,EUW,24,64.6,0.51,3.5,270.0,48,90731.0,240.0,0,4,4917.05
PL_1553,ProPlayer_553,Valorant,KR,19,66.6,0.67,4.3,223.0,32,65902.5,2532.0,9,2,5373.02
PL_1554,ProPlayer_554,CS:GO,euw,32,54.5,0.67,2.3,316.0,35,164561.0,697.0,2,0,2174.73
PL_1555,ProPlayer_555,League of Legends,LAN,24,42.0,0.58,3.33,222.0,35,74083.0,3596.0,7,4,2855.22
PL_1556,ProPlayer_556,Apex Legends,LAN,16,25.7,0.74,3.54,310.0,17,12414.0,569.0,5,4,4983.86
PL_1557,ProPlayer_557,Apex Legends,EUW,28,58.5,0.44,2.45,176.0,8,65902.5,2680.0,6,2,6944.46
PL_1558,ProPlayer_558,LoL,na,31,33.5,0.41,4.04,231.0,28,76972.0,857.0,1,2,2579.84
PL_1559,ProPlayer_559,valorant,euw,28,39.3,0.67,4.34,233.0,49,275782.0,2578.0,5,2,5758.35
PL_1560,ProPlayer_560,Dota 2,LAN,29,41.2,0.68,4.15,264.0,13,36867.0,-302.0,7,0,1522.62
PL_1561,ProPlayer_561,LoL,na,18,47.0,0.44,3.72,293.0,24,203669.0,1320.0,7,2,5631.78
PL_1562,ProPlayer_562,LoL,BR,21,38.6,0.49,2.33,188.0,14,144432.0,731.0,3,3,6511.58
PL_1563,ProPlayer_563,valorant,EUW,33,50.5,0.41,2.34,195.0,5,28476.0,3325.0,5,4,6048.41
PL_1564,ProPlayer_564,Dota 2,EUW,34,40.7,0.5,4.39,180.0,41,3701.0,2693.0,4,2,6988.8
PL_1565,ProPlayer_565,Valorant,euw,20,60.5,0.67,1.53,316.0,28,10741.0,151.0,8,4,6855.48
PL_1566,ProPlayer_566,Apex Legends,,30,65.5,0.58,3.65,265.0,14,130377.0,1695.0,7,1,8693.86
PL_1567,ProPlayer_567,League of Legends,BR,17,51.6,0.52,3.62,196.0,28,22273.0,842.0,1,1,5217.24
PL_1568,ProPlayer_568,LoL,LAN,25,56.9,0.53,3.37,228.0,3,46405.0,3425.0,6,2,8699.78
PL_1569,ProPlayer_569,LoL,euw,33,81.8,0.4,4.47,309.0,17,69655.0,3907.0,6,4,3111.8
PL_1570,ProPlayer_570,LoL,LAN,28,32.4,0.5,2.44,236.0,49,129268.0,-162.0,0,1,4589.32
PL_1571,ProPlayer_571,CS:GO,,20,31.5,0.63,2.52,233.0,48,12017.0,3240.0,0,2,4769.99
PL_1572,ProPlayer_572,Valorant,euw,16,60.4,0.74,1.74,211.0,43,52149.0,765.0,3,4,2914.43
PL_1573,ProPlayer_573,League of Legends,euw,16,79.2,0.7,2.83,199.0,38,66372.0,1621.0,4,2,278.68
PL_1574,ProPlayer_574,Apex Legends,LAN,33,46.1,0.41,2.28,309.0,15,77832.0,2048.0,3,4,6738.6
PL_1575,ProPlayer_575,League of Legends,EUW,30,75.9,0.71,2.53,334.0,10,170573.0,4725.0,6,1,3140.13
PL_1576,ProPlayer_576,valorant,BR,32,51.4,0.67,4.0,201.0,13,18835.0,494.0,2,2,4198.34
PL_1577,ProPlayer_577,League of Legends,na,26,39.8,0.67,4.31,320.0,2,164938.0,3252.0,6,1,8169.17
PL_1578,ProPlayer_578,LoL,KR,32,35.1,0.56,2.06,226.0,49,118051.0,243.0,7,2,6144.17
PL_1579,ProPlayer_579,valorant,,28,59.4,0.54,2.62,277.0,41,81163.0,139.0,5,0,8480.42
PL_1580,ProPlayer_580,Dota 2,,16,36.3,0.51,4.29,321.0,37,120240.0,2043.0,5,1,5241.06
PL_1581,ProPlayer_581,valorant,,17,51.2,0.42,1.69,243.0,44,53105.0,2033.0,7,1,6110.99
PL_1582,ProPlayer_582,Valorant,KR,24,73.8,0.48,1.78,234.0,41,14896.0,-2248.0,7,3,4518.66
PL_1583,ProPlayer_583,LoL,EUW,18,45.4,0.49,1.99,290.0,17,109591.0,3739.0,6,1,3302.61
PL_1584,ProPlayer_584,Dota 2,,16,69.7,0.57,3.29,195.0,19,74375.0,-1209.0,5,4,6103.59
PL_1585,ProPlayer_585,CS:GO,BR,31,31.8,0.66,1.95,307.0,47,101991.0,1781.0,5,2,4128.2
PL_1586,ProPlayer_586,Dota 2,BR,21,42.0,0.57,4.4,257.0,24,41248.0,3991.0,9,0,6289.04
PL_1587,ProPlayer_587,Apex Legends,,32,28.9,0.42,2.84,221.0,37,237372.0,5314.0,5,4,3859.06
PL_1588,ProPlayer_588,LoL,,20,51.1,0.74,3.0,220.0,12,65902.5,1455.0,7,4,4649.23
PL_1589,ProPlayer_589,CS:GO,euw,20,61.7,0.73,2.24,181.0,3,8927.0,-149.0,0,4,4809.43
PL_1590,ProPlayer_590,CS:GO,BR,21,51.1,0.67,2.91,223.0,13,59748.0,3936.0,4,4,7153.93
PL_1591,ProPlayer_591,LoL,EUW,18,68.4,0.75,3.49,237.0,32,141204.0,3298.0,2,0,4151.3
PL_1592,ProPlayer_592,Apex Legends,BR,20,38.8,0.59,3.75,197.0,27,158053.0,1267.0,7,3,7373.98
PL_1593,ProPlayer_593,valorant,,20,53.4,0.74,3.76,248.0,36,68239.0,1076.0,5,1,3190.3
PL_1594,ProPlayer_594,League of Legends,,25,42.1,0.43,3.23,274.0,7,225139.0,924.0,1,4,5539.72
PL_1595,ProPlayer_595,CS:GO,BR,25,55.4,0.53,4.21,239.0,43,31152.0,1483.0,6,1,3624.8
PL_1596,ProPlayer_596,LoL,,34,57.6,0.48,3.95,283.0,33,52864.0,2474.0,6,1,7231.49
PL_1597,ProPlayer_597,CS:GO,BR,32,58.7,0.47,3.77,210.0,43,228865.0,1151.0,4,4,3362.67
PL_1598,ProPlayer_598,Valorant,na,29,33.9,0.45,1.67,300.0,4,226583.0,1341.0,7,3,3566.53
PL_1599,ProPlayer_599,Dota 2,euw,24,36.7,0.62,1.52,256.0,4,115744.0,2962.0,4,1,2487.4
PL_1600,ProPlayer_600,League of Legends,BR,29,39.4,0.67,2.14,327.0,30,195885.0,-224.0,0,2,5206.08
PL_1601,ProPlayer_601,valorant,LAN,16,46.4,0.6,3.49,371.0,44,9296.0,1436.0,8,1,6182.1
PL_1602,ProPlayer_602,Valorant,na,34,51.3,0.45,2.73,226.0,8,200244.0,-514.0,3,4,5966.26
PL_1603,ProPlayer_603,Dota 2,KR,28,60.6,0.68,2.71,229.0,41,38657.0,2163.0,1,0,4711.52
PL_1604,ProPlayer_604,Apex Legends,na,28,37.3,0.62,4.15,238.0,31,19641.0,-909.0,3,1,3678.92
PL_1605,ProPlayer_605,Apex Legends,,19,26.0,0.54,4.19,280.0,32,65902.5,3335.0,8,3,4442.64
PL_1606,ProPlayer_606,Valorant,,16,82.3,0.64,4.23,316.0,2,54123.0,28.0,1,2,4518.94
PL_1607,ProPlayer_607,League of Legends,BR,32,33.0,0.49,2.44,217.0,29,28927.0,-659.0,3,2,5505.22
PL_1608,ProPlayer_608,Dota 2,EUW,23,62.5,0.52,3.57,269.0,49,38649.0,1455.0,1,0,5367.71
PL_1609,ProPlayer_609,Valorant,LAN,17,50.5,0.72,2.31,243.0,11,14500.0,4567.0,4,0,8479.44
PL_1610,ProPlayer_610,League of Legends,na,23,53.8,0.5,2.07,281.0,28,35122.0,3067.0,2,1,5079.27
PL_1611,ProPlayer_611,Apex Legends,LAN,22,50.0,0.56,2.05,325.0,2,84929.0,-883.0,9,4,5721.6
PL_1612,ProPlayer_612,Dota 2,KR,17,44.2,0.71,2.53,238.0,25,58313.0,-15.0,1,3,5142.91
PL_1613,ProPlayer_613,Apex Legends,BR,18,57.0,0.65,2.79,167.0,29,42574.0,1407.0,8,2,4346.53
PL_1614,ProPlayer_614,valorant,BR,33,43.4,0.42,3.99,287.0,8,137220.0,5358.0,4,0,5708.15
PL_1615,ProPlayer_615,Valorant,KR,27,67.5,0.45,1.86,208.0,25,223970.0,592.0,9,3,4158.68
PL_1616,ProPlayer_616,Apex Legends,KR,16,58.5,0.4,3.7,243.0,1,141382.0,604.0,4,4,4883.57
PL_1617,ProPlayer_617,League of Legends,EUW,27,59.0,0.62,3.09,289.0,2,40346.0,4291.0,0,2,7318.54
PL_1618,ProPlayer_618,Dota 2,BR,20,42.4,0.56,2.36,265.0,45,136430.0,2292.0,5,2,4029.28
PL_1619,ProPlayer_619,valorant,LAN,32,46.5,0.45,2.98,245.0,3,16485.0,3580.0,6,4,5774.69
PL_1620,ProPlayer_620,valorant,BR,31,32.2,0.74,2.4,221.0,24,13962.0,909.0,0,2,37.3
PL_1621,ProPlayer_621,Valorant,EUW,30,44.7,0.59,3.29,105.0,12,42407.0,1848.0,8,4,4629.31
PL_1622,ProPlayer_622,Valorant,na,30,34.5,0.48,2.8,285.0,38,164871.0,3973.0,7,2,4015.76
PL_1623,ProPlayer_623,Dota 2,na,20,69.7,0.58,1.99,237.0,43,28282.0,1783.0,7,1,5240.52
PL_1624,ProPlayer_624,Valorant,euw,29,50.8,0.64,1.85,326.0,34,6534.0,3685.0,6,4,4527.53
PL_1625,ProPlayer_625,CS:GO,LAN,17,52.6,0.43,3.14,270.0,22,14122.0,2581.0,4,3,5283.04
PL_1626,ProPlayer_626,Apex Legends,EUW,26,46.6,0.5,4.21,223.0,8,195718.0,441.0,2,1,4242.67
PL_1627,ProPlayer_627,LoL,EUW,34,53.0,0.68,2.53,303.0,1,100453.0,1976.0,8,3,5772.67
PL_1628,ProPlayer_628,Apex Legends,euw,22,87.0,0.56,3.7,308.0,40,29195.0,3472.0,6,2,1570.72
PL_1629,ProPlayer_629,Dota 2,LAN,21,45.5,0.59,3.48,239.0,43,81034.0,3004.0,9,3,5222.82
PL_1630,ProPlayer_630,League of Legends,LAN,17,40.2,0.55,4.29,310.0,30,74988.0,1940.0,9,1,3125.84
PL_1631,ProPlayer_631,Valorant,euw,21,57.9,0.42,3.96,222.0,43,106547.0,-838.0,7,4,7335.73
PL_1632,ProPlayer_632,Apex Legends,,33,12.1,0.46,3.2,258.0,46,26551.0,-694.0,5,0,3093.57
PL_1633,ProPlayer_633,Dota 2,BR,17,51.0,0.56,3.47,279.0,1,199806.0,-375.0,4,3,6990.44
PL_1634,ProPlayer_634,CS:GO,euw,33,44.4,0.47,4.2,289.0,31,37014.0,1234.0,7,0,4976.93
PL_1635,ProPlayer_635,LoL,LAN,30,35.1,0.42,2.7,281.0,17,118460.0,1434.0,2,3,1342.47
PL_1636,ProPlayer_636,CS:GO,euw,34,57.6,0.7,2.48,233.0,12,1625.0,-213.0,6,3,3247.47
PL_1637,ProPlayer_637,Dota 2,EUW,17,50.8,0.74,1.53,305.0,45,46626.0,3534.0,1,4,6695.6
PL_1638,ProPlayer_638,League of Legends,KR,21,23.0,0.68,3.98,244.0,4,43341.0,104.0,2,2,6582.02
PL_1639,ProPlayer_639,Dota 2,euw,16,40.3,0.7,3.9,222.0,41,78413.0,-56.0,1,1,2401.3
PL_1640,ProPlayer_640,Apex Legends,euw,30,6.7,0.48,1.81,222.0,43,7551.0,2132.0,4,1,8125.71
PL_1641,ProPlayer_641,LoL,BR,25,54.4,0.74,3.23,347.0,9,156127.0,3461.0,6,1,4950.87
PL_1642,ProPlayer_642,Dota 2,na,34,54.2,0.47,2.89,213.0,42,24562.0,5082.0,9,2,6769.69
PL_1643,ProPlayer_643,Dota 2,KR,32,38.1,0.73,1.86,315.0,24,113022.0,2874.0,9,0,2576.32
PL_1644,ProPlayer_644,Apex Legends,EUW,20,58.1,0.75,4.44,193.0,33,162562.0,4370.0,0,1,4088.1
PL_1645,ProPlayer_645,Dota 2,,19,30.8,0.65,2.14,274.0,36,82525.0,182.0,9,0,5831.81
PL_1646,ProPlayer_646,Dota 2,KR,25,35.5,0.74,1.7,265.0,29,135047.0,5240.0,8,2,4373.67
PL_1647,ProPlayer_647,valorant,BR,32,56.3,0.6,3.28,331.0,6,108429.0,-792.0,0,2,-841.58
PL_1648,ProPlayer_648,Dota 2,BR,25,39.7,0.49,3.72,217.0,5,43932.0,1244.0,0,4,4618.44
PL_1649,ProPlayer_649,Dota 2,EUW,32,49.1,0.55,1.6,203.0,2,165474.0,2841.0,9,1,1070.6
PL_1650,ProPlayer_650,valorant,EUW,20,41.5,0.61,3.48,244.0,12,34913.0,-408.0,7,4,2858.61
PL_1651,ProPlayer_651,Valorant,,17,43.8,0.43,3.1,333.0,2,84679.0,609.0,5,1,2194.26
PL_1652,ProPlayer_652,Valorant,na,21,44.5,0.62,1.81,206.0,25,136805.0,371.0,5,2,7265.11
PL_1653,ProPlayer_653,CS:GO,,17,39.4,0.74,2.02,121.0,23,47635.0,1535.0,8,2,7892.71
PL_1654,ProPlayer_654,LoL,LAN,28,54.5,0.47,3.2,253.0,5,36063.0,4132.0,3,3,5683.13
PL_1655,ProPlayer_655,valorant,EUW,26,40.6,0.68,2.39,297.0,42,61497.0,2025.0,7,3,4539.86
PL_1656,ProPlayer_656,Apex Legends,EUW,26,50.2,0.72,4.31,199.0,48,170354.0,1305.0,3,2,5056.68
PL_1657,ProPlayer_657,LoL,euw,31,39.1,0.73,3.96,292.0,41,265814.0,-2326.0,1,2,7263.71
PL_1658,ProPlayer_658,Dota 2,,26,27.0,0.74,4.45,198.0,11,78764.0,2700.0,7,0,1033.14
PL_1659,ProPlayer_659,Valorant,na,34,63.7,0.58,2.28,243.0,48,108313.0,3185.0,6,0,2849.8
PL_1660,ProPlayer_660,Valorant,EUW,30,57.5,0.74,4.41,288.0,35,233586.0,-550.0,3,4,7008.08
PL_1661,ProPlayer_661,Valorant,EUW,31,84.3,0.67,2.79,191.0,1,10374.0,1900.0,8,3,4851.915556701031
PL_1662,ProPlayer_662,Dota 2,euw,26,34.3,0.46,2.54,259.0,10,26406.0,2290.0,8,3,6179.44
PL_1663,ProPlayer_663,Valorant,EUW,31,46.9,0.57,1.65,311.0,38,123408.0,3447.0,7,2,2910.06
PL_1664,ProPlayer_664,CS:GO,LAN,23,48.1,0.65,1.66,274.0,33,173582.0,913.0,0,2,6979.1
PL_1665,ProPlayer_665,Dota 2,na,19,64.8,0.49,3.58,214.0,25,194511.0,687.0,6,4,7722.87
PL_1666,ProPlayer_666,valorant,LAN,23,42.4,0.62,2.87,326.0,17,53632.0,1315.0,4,3,6436.5
PL_1667,ProPlayer_667,CS:GO,euw,19,32.4,0.63,2.18,283.0,20,9358.0,3927.0,6,0,11.98
PL_1668,ProPlayer_668,Valorant,na,18,68.1,0.46,3.34,157.0,35,57586.0,3566.0,8,1,5249.19
PL_1669,ProPlayer_669,Valorant,KR,18,45.3,0.6,2.26,293.0,39,26231.0,1968.0,1,4,6170.48
PL_1670,ProPlayer_670,Apex Legends,BR,33,63.2,0.67,3.23,221.0,45,34417.0,3530.0,3,1,3968.77
PL_1671,ProPlayer_671,valorant,BR,34,61.4,0.57,2.58,260.0,43,147958.0,-1553.0,3,0,5373.35
PL_1672,ProPlayer_672,valorant,KR,34,49.6,0.4,3.97,300.0,21,7853.0,3187.0,1,0,3973.08
PL_1673,ProPlayer_673,Apex Legends,,20,47.4,0.4,3.96,223.0,29,175782.0,322.0,2,1,3276.81
PL_1674,ProPlayer_674,valorant,euw,33,44.1,0.52,2.93,168.0,49,55803.0,4651.0,7,4,8021.18
PL_1675,ProPlayer_675,LoL,,25,49.8,0.72,2.55,325.0,42,90649.0,404.0,8,1,5430.14
PL_1676,ProPlayer_676,Valorant,euw,21,62.9,0.48,2.59,308.0,29,9392.0,721.0,5,4,2788.04
PL_1677,ProPlayer_677,Valorant,LAN,16,38.1,0.62,3.92,246.0,7,41152.0,2844.0,9,4,2246.8
PL_1678,ProPlayer_678,Valorant,LAN,20,51.6,0.48,2.48,293.0,33,9398.0,2988.0,1,2,3278.04
PL_1679,ProPlayer_679,Valorant,na,24,33.2,0.51,2.13,232.0,46,325823.0,1331.0,1,3,3288.85
PL_1680,ProPlayer_680,Valorant,,27,35.1,0.7,1.75,255.0,8,65902.5,2557.0,6,3,5293.06
PL_1681,ProPlayer_681,valorant,na,29,49.5,0.66,2.9,243.0,19,61550.0,2743.0,7,0,5971.11
PL_1682,ProPlayer_682,Valorant,euw,17,20.6,0.43,2.95,234.0,39,25309.0,2590.0,7,2,5968.97
PL_1683,ProPlayer_683,CS:GO,euw,32,80.9,0.55,4.02,268.0,24,270987.0,1393.0,5,3,3499.78
PL_1684,ProPlayer_684,Apex Legends,,29,32.1,0.41,2.16,190.0,18,42250.0,2758.0,9,4,6841.26
PL_1685,ProPlayer_685,LoL,EUW,28,49.4,0.57,2.64,237.0,4,17552.0,4110.0,7,4,7455.69
PL_1686,ProPlayer_686,LoL,BR,24,67.5,0.63,3.93,266.0,10,82819.0,162.0,0,1,4480.07
PL_1687,ProPlayer_687,Dota 2,EUW,30,37.1,0.44,3.97,342.0,14,287837.0,740.0,8,1,2935.86
PL_1688,ProPlayer_688,CS:GO,EUW,30,15.5,0.5,2.65,192.0,7,65902.5,2041.0,0,4,5200.57
PL_1689,ProPlayer_689,CS:GO,euw,26,43.3,0.54,2.88,276.0,18,27197.0,416.0,2,4,9320.15
PL_1690,ProPlayer_690,Dota 2,BR,31,36.9,0.72,2.41,282.0,22,278786.0,-705.0,8,1,2883.4
PL_1691,ProPlayer_691,Valorant,BR,32,15.9,0.75,4.3,156.0,26,18763.0,3640.0,4,3,3947.67
PL_1692,ProPlayer_692,Dota 2,KR,19,54.3,0.42,1.86,271.0,39,12018.0,-1343.0,8,0,5114.87
PL_1693,ProPlayer_693,valorant,KR,16,53.1,0.67,4.3,294.0,31,84440.0,1396.0,8,1,6083.33
PL_1694,ProPlayer_694,valorant,euw,23,67.1,0.53,3.55,279.0,25,197937.0,3138.0,5,3,1028.84
PL_1695,ProPlayer_695,Apex Legends,EUW,32,33.2,0.54,3.09,246.0,26,64838.0,2400.0,0,3,7611.78
PL_1696,ProPlayer_696,League of Legends,LAN,18,26.0,0.66,1.6,267.0,18,521475.0,1419.0,9,3,7584.58
PL_1697,ProPlayer_697,CS:GO,na,30,43.9,0.72,2.93,258.0,49,113684.0,354.0,6,2,4150.41
PL_1698,ProPlayer_698,Apex Legends,KR,30,48.7,0.73,2.72,166.0,41,7696.0,2516.0,5,2,10413.24
PL_1699,ProPlayer_699,Valorant,LAN,29,63.8,0.6,1.98,260.0,28,493814.0,517.0,8,3,7455.41
PL_1700,ProPlayer_700,LoL,KR,29,71.2,0.52,3.47,232.0,38,52407.0,2399.0,6,4,7348.9
PL_1701,ProPlayer_701,LoL,LAN,17,68.2,0.68,4.41,215.0,40,33883.0,2211.0,3,2,7375.11
PL_1702,ProPlayer_702,Apex Legends,KR,28,54.1,0.49,3.19,374.0,32,81617.0,2227.0,6,1,7317.43
PL_1703,ProPlayer_703,Apex Legends,euw,29,62.0,0.6,3.64,313.0,18,36284.0,1040.0,1,2,4956.18
PL_1704,ProPlayer_704,LoL,EUW,34,40.4,0.53,1.71,192.0,36,9042.0,5053.0,5,4,4758.08
PL_1705,ProPlayer_705,Dota 2,LAN,22,52.5,0.63,2.75,267.0,18,142.0,2537.0,5,0,3112.86
PL_1706,ProPlayer_706,Apex Legends,EUW,18,32.1,0.48,1.85,323.0,32,59707.0,1582.0,1,2,3845.26
PL_1707,ProPlayer_707,Apex Legends,KR,30,50.9,0.47,3.34,175.0,46,181316.0,2396.0,3,3,4378.2
PL_1708,ProPlayer_708,valorant,na,29,51.3,0.72,4.32,254.0,15,84936.0,838.0,7,3,5130.92
PL_1709,ProPlayer_709,CS:GO,euw,26,75.8,0.44,3.49,256.0,22,714006.0,1421.0,7,3,8196.59
PL_1710,ProPlayer_710,LoL,,30,46.6,0.58,1.73,186.0,6,65902.5,5588.0,7,0,795.01
PL_1711,ProPlayer_711,Dota 2,LAN,28,51.4,0.48,2.56,269.0,25,65902.5,849.0,7,4,7689.87
PL_1712,ProPlayer_712,League of Legends,LAN,33,53.6,0.41,3.15,306.0,31,65902.5,1883.0,0,1,2976.25
PL_1713,ProPlayer_713,CS:GO,na,21,43.2,0.41,2.71,325.0,11,17920.0,1316.0,1,4,4790.96
PL_1714,ProPlayer_714,Valorant,na,18,38.0,0.46,4.0,238.0,7,33573.0,441.0,3,0,3551.2
PL_1715,ProPlayer_715,League of Legends,EUW,34,69.5,0.7,3.94,375.0,4,157426.0,2632.0,8,3,8708.55
PL_1716,ProPlayer_716,Dota 2,LAN,30,35.3,0.5,3.34,147.0,41,236187.0,2055.0,2,4,4000.08
PL_1717,ProPlayer_717,Valorant,LAN,20,30.1,0.73,2.62,268.0,27,369237.0,3367.0,5,1,4851.915556701031
PL_1718,ProPlayer_718,valorant,na,25,60.2,0.6,2.27,179.0,4,26434.0,3216.0,6,3,6146.53
PL_1719,ProPlayer_719,valorant,EUW,22,67.4,0.55,1.82,255.0,48,213113.0,3351.0,7,1,2679.99
PL_1720,ProPlayer_720,CS:GO,BR,32,43.2,0.6,2.56,224.0,25,39787.0,623.0,6,2,4806.46
PL_1721,ProPlayer_721,League of Legends,,22,43.5,0.58,2.74,275.0,4,11973.0,2961.0,2,1,7408.65
PL_1722,ProPlayer_722,Apex Legends,na,27,54.2,0.67,3.53,244.0,21,204041.0,2998.0,5,3,3253.53
PL_1723,ProPlayer_723,League of Legends,EUW,32,39.4,0.5,3.47,209.0,14,101089.0,468.0,4,2,6657.93
PL_1724,ProPlayer_724,CS:GO,euw,28,38.3,0.52,1.71,212.0,12,18000.0,1522.0,9,3,4337.84
PL_1725,ProPlayer_725,CS:GO,LAN,19,63.2,0.71,2.69,347.0,27,56182.0,-184.0,3,3,7327.31
PL_1726,ProPlayer_726,CS:GO,KR,25,59.1,0.73,2.05,272.0,32,33863.0,3004.0,0,2,8494.99
PL_1727,ProPlayer_727,Valorant,BR,18,69.7,0.71,1.97,165.0,42,133482.0,2998.0,6,1,984.32
PL_1728,ProPlayer_728,valorant,LAN,24,31.2,0.55,3.98,278.0,22,60406.0,4146.0,7,0,2323.73
PL_1729,ProPlayer_729,CS:GO,euw,28,42.5,0.67,1.63,240.0,32,453563.0,1657.0,1,0,4122.98
PL_1730,ProPlayer_730,valorant,na,33,54.2,0.57,2.76,250.0,42,5630.0,2677.0,6,0,4851.915556701031
PL_1731,ProPlayer_731,valorant,EUW,30,36.1,0.57,2.0,291.0,17,43852.0,3482.0,5,0,6064.93
PL_1732,ProPlayer_732,Dota 2,na,19,59.6,0.47,4.14,309.0,49,65758.0,869.0,4,4,2510.5
PL_1733,ProPlayer_733,LoL,euw,30,68.4,0.61,3.17,207.0,29,69943.0,641.0,3,0,6357.84
PL_1734,ProPlayer_734,CS:GO,euw,17,41.2,0.47,2.19,249.0,25,37970.0,916.0,1,2,3172.53
PL_1735,ProPlayer_735,Apex Legends,,30,50.6,0.52,3.01,223.0,15,130652.0,1476.0,9,0,6741.06
PL_1736,ProPlayer_736,Valorant,na,23,71.8,0.7,3.69,280.0,12,207742.0,694.0,5,3,6077.93
PL_1737,ProPlayer_737,League of Legends,EUW,23,77.0,0.47,4.37,238.0,38,279229.0,980.0,4,0,3163.78
PL_1738,ProPlayer_738,valorant,na,32,61.2,0.42,2.16,251.0,32,163523.0,3321.0,1,1,4868.09
PL_1739,ProPlayer_739,Apex Legends,euw,27,58.9,0.42,4.16,236.0,25,190099.0,1855.0,9,2,7449.37
PL_1740,ProPlayer_740,Dota 2,,34,37.2,0.73,4.3,245.0,47,79972.0,2460.0,6,2,1215.93
PL_1741,ProPlayer_741,CS:GO,EUW,25,55.4,0.58,4.25,335.0,0,174805.0,1174.0,5,4,4851.915556701031
PL_1742,ProPlayer_742,Dota 2,,24,58.4,0.54,3.41,370.0,48,36169.0,1075.0,8,3,2786.2
PL_1743,ProPlayer_743,CS:GO,KR,20,46.8,0.68,3.39,269.0,37,50829.0,2428.0,9,2,4967.62
PL_1744,ProPlayer_744,valorant,,21,41.1,0.69,2.71,245.0,1,38113.0,2189.0,4,1,5915.52
PL_1745,ProPlayer_745,League of Legends,EUW,17,30.8,0.52,3.76,170.0,48,62996.0,3167.0,8,0,9026.34
PL_1746,ProPlayer_746,CS:GO,KR,28,23.9,0.64,3.09,212.0,5,33628.0,3952.0,8,2,4947.4
PL_1747,ProPlayer_747,valorant,euw,21,20.8,0.67,3.53,244.0,45,325999.0,963.0,0,1,7931.05
PL_1748,ProPlayer_748,League of Legends,KR,20,58.7,0.63,2.79,214.0,49,37519.0,3292.0,4,0,3319.0
PL_1749,ProPlayer_749,valorant,EUW,16,52.2,0.45,3.69,220.0,37,10319.0,380.0,8,4,4009.96
PL_1750,ProPlayer_750,CS:GO,KR,21,42.7,0.71,3.97,329.0,41,74827.0,5111.0,6,2,6174.12
PL_1751,ProPlayer_751,Valorant,euw,21,45.0,0.59,1.94,251.0,23,5879.0,821.0,5,2,5403.52
PL_1752,ProPlayer_752,CS:GO,BR,31,53.2,0.5,4.0,256.0,17,11714.0,3036.0,5,1,4343.16
PL_1753,ProPlayer_753,CS:GO,BR,19,47.5,0.55,3.12,216.0,26,24767.0,369.0,6,3,4288.97
PL_1754,ProPlayer_754,LoL,BR,26,29.9,0.41,4.03,309.0,40,62427.0,1772.0,0,4,7666.59
PL_1755,ProPlayer_755,valorant,KR,24,63.7,0.44,2.79,239.0,7,56783.0,4319.0,3,3,4423.12
PL_1756,ProPlayer_756,Valorant,,18,54.6,0.67,2.64,224.0,27,160789.0,773.0,0,2,2958.3
PL_1757,ProPlayer_757,Dota 2,KR,34,54.0,0.4,4.25,171.0,9,134505.0,5306.0,5,3,3290.25
PL_1758,ProPlayer_758,League of Legends,LAN,23,62.6,0.55,2.25,247.0,16,55568.0,1992.0,3,0,6339.8
PL_1759,ProPlayer_759,League of Legends,euw,20,37.8,0.58,4.03,222.0,28,40602.0,3464.0,0,4,9513.04
PL_1760,ProPlayer_760,League of Legends,BR,19,68.2,0.42,2.95,334.0,5,38048.0,2604.0,8,3,4851.915556701031
PL_1761,ProPlayer_761,Dota 2,na,21,47.9,0.74,3.04,342.0,13,148719.0,2686.0,3,0,9297.25
PL_1762,ProPlayer_762,LoL,na,17,63.3,0.48,2.43,188.0,21,5347.0,-139.0,5,1,4978.32
PL_1763,ProPlayer_763,League of Legends,LAN,26,61.0,0.51,3.22,194.0,5,1290.0,1291.0,6,3,4440.38
PL_1764,ProPlayer_764,LoL,KR,19,34.4,0.51,2.48,236.0,25,158740.0,3794.0,7,4,3179.45
PL_1765,ProPlayer_765,League of Legends,EUW,30,57.5,0.48,1.62,209.0,38,64845.0,1484.0,8,0,4603.97
PL_1766,ProPlayer_766,LoL,LAN,21,54.9,0.4,2.32,261.0,11,14027.0,2208.0,8,3,3487.72
PL_1767,ProPlayer_767,LoL,BR,32,50.5,0.66,1.52,234.0,34,26861.0,-321.0,7,1,3327.24
PL_1768,ProPlayer_768,LoL,,21,48.6,0.74,4.44,264.0,13,269568.0,1194.0,9,3,4851.915556701031
PL_1769,ProPlayer_769,LoL,euw,34,48.7,0.48,4.4,301.0,21,196256.0,3685.0,2,0,8532.23
PL_1770,ProPlayer_770,valorant,,17,62.2,0.63,2.69,197.0,22,123713.0,76.0,1,3,7128.77
PL_1771,ProPlayer_771,valorant,KR,30,58.7,0.66,3.69,300.0,47,65821.0,3076.0,4,4,5543.2
PL_1772,ProPlayer_772,Dota 2,KR,26,50.5,0.7,2.54,214.0,6,65902.5,2267.0,0,2,4711.97
PL_1773,ProPlayer_773,League of Legends,euw,23,27.6,0.55,3.51,357.0,39,369870.0,1646.0,2,0,4851.915556701031
PL_1774,ProPlayer_774,valorant,na,34,57.4,0.51,3.92,331.0,49,337466.0,1580.0,0,0,3446.18
PL_1775,ProPlayer_775,Valorant,na,28,60.9,0.51,4.34,244.0,24,24241.0,1263.0,2,0,2732.3
PL_1776,ProPlayer_776,Apex Legends,KR,27,84.5,0.65,2.7,202.0,12,166656.0,1397.0,3,0,6434.83
PL_1777,ProPlayer_777,CS:GO,BR,20,66.1,0.69,3.85,192.0,20,21970.0,3395.0,6,3,4475.55
PL_1778,ProPlayer_778,League of Legends,BR,21,21.5,0.46,2.3,294.0,40,24021.0,1352.0,4,4,5651.47
PL_1779,ProPlayer_779,CS:GO,,19,51.2,0.53,4.47,248.0,9,112729.0,4711.0,4,1,1675.12
PL_1780,ProPlayer_780,League of Legends,LAN,34,77.2,0.72,1.58,296.0,8,51919.0,2449.0,0,4,4369.14
PL_1781,ProPlayer_781,Dota 2,,16,59.4,0.68,3.31,360.0,14,268157.0,1136.0,7,0,2693.28
PL_1782,ProPlayer_782,LoL,LAN,32,54.9,0.74,3.48,211.0,1,9322.0,3460.0,3,3,5968.11
PL_1783,ProPlayer_783,Valorant,na,27,63.5,0.66,3.56,188.0,24,71646.0,2936.0,9,3,6990.56
PL_1784,ProPlayer_784,CS:GO,BR,30,40.7,0.54,1.86,260.0,12,250741.0,-481.0,4,0,7919.4
PL_1785,ProPlayer_785,valorant,BR,16,57.2,0.61,4.32,307.0,33,234459.0,448.0,1,3,3742.04
PL_1786,ProPlayer_786,League of Legends,KR,29,46.2,0.63,2.04,203.0,33,17023.0,1827.0,0,0,2744.2
PL_1787,ProPlayer_787,Valorant,,21,49.7,0.43,3.37,252.0,34,45671.0,-375.0,8,4,4162.81
PL_1788,ProPlayer_788,CS:GO,na,20,62.4,0.59,2.17,319.0,37,96527.0,5136.0,1,2,3601.37
PL_1789,ProPlayer_789,League of Legends,BR,26,36.1,0.65,2.42,168.0,2,17363.0,3233.0,5,3,5862.47
PL_1790,ProPlayer_790,valorant,LAN,19,69.3,0.46,3.14,262.0,41,344271.0,1980.0,0,0,2194.44
PL_1791,ProPlayer_791,LoL,na,28,43.7,0.67,2.75,223.0,5,246215.0,1486.0,0,0,1491.21
PL_1792,ProPlayer_792,CS:GO,EUW,26,53.9,0.6,1.98,256.0,47,18266.0,1101.0,8,3,4307.1
PL_1793,ProPlayer_793,CS:GO,LAN,18,29.0,0.73,2.01,285.0,48,12914.0,-946.0,3,1,6453.01
PL_1794,ProPlayer_794,LoL,BR,16,60.8,0.41,2.75,261.0,18,8927.0,-599.0,8,0,2945.09
PL_1795,ProPlayer_795,valorant,,21,71.7,0.49,3.77,199.0,2,65902.5,4852.0,4,3,6698.23
PL_1796,ProPlayer_796,Apex Legends,euw,33,42.3,0.61,4.19,225.0,17,21520.0,4360.0,6,0,5730.68
PL_1797,ProPlayer_797,CS:GO,EUW,25,33.3,0.5,1.75,321.0,38,65902.5,1136.0,0,1,8093.59
PL_1798,ProPlayer_798,Valorant,BR,20,54.2,0.65,2.68,266.0,8,59575.0,3362.0,5,2,3395.49
PL_1799,ProPlayer_799,Apex Legends,LAN,25,71.8,0.67,1.8,292.0,11,91382.0,2760.0,7,1,1787.06
PL_1800,ProPlayer_800,Apex Legends,EUW,27,28.3,0.44,1.55,263.0,4,7443.0,2936.0,0,4,6197.08
PL_1801,ProPlayer_801,valorant,na,17,33.4,0.58,3.49,290.0,2,25716.0,-138.0,8,3,5559.75
PL_1802,ProPlayer_802,League of Legends,BR,28,43.2,0.58,3.31,230.0,10,268078.0,-712.0,2,1,5405.0
PL_1803,ProPlayer_803,Valorant,KR,23,37.7,0.53,1.99,212.0,29,239043.0,3774.0,0,2,2904.34
PL_1804,ProPlayer_804,LoL,euw,17,37.7,0.73,2.2,288.0,3,152001.0,-969.0,0,0,6550.3
PL_1805,ProPlayer_805,Apex Legends,LAN,16,18.6,0.69,1.57,306.0,4,1959.0,1778.0,5,3,3733.15
PL_1806,ProPlayer_806,LoL,,20,58.8,0.64,4.0,204.0,0,39602.0,1448.0,5,1,4851.915556701031
PL_1807,ProPlayer_807,Valorant,,24,55.1,0.65,4.42,221.0,26,98875.0,1310.0,0,2,4080.86
PL_1808,ProPlayer_808,League of Legends,euw,32,24.5,0.56,1.91,242.0,27,32184.0,2472.0,2,1,5708.76
PL_1809,ProPlayer_809,League of Legends,na,24,71.9,0.72,2.19,331.0,28,240336.0,984.0,6,4,2609.74
PL_1810,ProPlayer_810,Dota 2,BR,26,75.2,0.64,4.11,278.0,17,100481.0,2594.0,9,3,4851.915556701031
PL_1811,ProPlayer_811,valorant,na,30,38.7,0.66,4.28,184.0,11,7462.0,2212.0,2,0,6315.18
PL_1812,ProPlayer_812,LoL,LAN,21,67.5,0.7,2.76,245.0,12,239695.0,5148.0,2,2,5231.96
PL_1813,ProPlayer_813,valorant,,18,41.4,0.5,1.65,238.0,40,316454.0,-78.0,2,1,8287.79
PL_1814,ProPlayer_814,Dota 2,LAN,32,52.7,0.68,1.62,191.0,1,8089.0,2044.0,6,3,5414.32
PL_1815,ProPlayer_815,Valorant,LAN,20,37.5,0.47,3.22,245.0,36,76005.0,2647.0,3,1,6837.51
PL_1816,ProPlayer_816,LoL,LAN,27,83.2,0.52,2.68,235.0,44,36149.0,1615.0,3,3,5184.83
PL_1817,ProPlayer_817,valorant,LAN,33,45.6,0.52,1.59,232.0,15,49896.0,-6.0,2,4,6658.8
PL_1818,ProPlayer_818,Apex Legends,euw,29,51.9,0.74,3.25,230.0,47,19802.0,3886.0,9,1,1933.39
PL_1819,ProPlayer_819,Valorant,na,26,39.7,0.7,1.53,324.0,23,86292.0,2505.0,8,4,5065.89
PL_1820,ProPlayer_820,CS:GO,,24,77.9,0.65,3.86,232.0,34,316959.0,100.0,1,2,2746.13
PL_1821,ProPlayer_821,Dota 2,,17,78.3,0.65,2.42,252.0,21,69931.0,2658.0,3,4,5280.85
PL_1822,ProPlayer_822,Valorant,EUW,27,74.5,0.6,1.62,247.0,35,8655.0,4552.0,7,3,5768.39
PL_1823,ProPlayer_823,Apex Legends,LAN,18,64.3,0.73,3.27,225.0,10,96758.0,1946.0,5,2,4851.915556701031
PL_1824,ProPlayer_824,CS:GO,EUW,18,40.6,0.57,2.69,254.0,45,41585.0,1997.0,6,1,5979.82
PL_1825,ProPlayer_825,LoL,na,16,62.4,0.53,4.42,253.0,28,193742.0,4352.0,6,1,4326.29
PL_1826,ProPlayer_826,CS:GO,euw,23,49.9,0.46,3.13,254.0,34,57036.0,544.0,1,3,3492.81
PL_1827,ProPlayer_827,Apex Legends,BR,23,69.7,0.68,2.33,207.0,47,65902.5,4591.0,3,0,314.95
PL_1828,ProPlayer_828,valorant,na,26,66.7,0.66,3.63,240.0,14,21208.0,3459.0,9,0,5137.71
PL_1829,ProPlayer_829,CS:GO,KR,24,40.3,0.53,2.31,288.0,30,146431.0,614.0,9,1,7275.72
PL_1830,ProPlayer_830,Apex Legends,euw,20,64.2,0.41,4.21,241.0,41,30868.0,998.0,5,3,5216.79
PL_1831,ProPlayer_831,Apex Legends,EUW,29,60.2,0.69,2.62,258.0,40,145771.0,1213.0,2,0,4830.5
PL_1832,ProPlayer_832,valorant,euw,18,8.4,0.4,3.15,258.0,42,23052.0,-750.0,8,4,5286.11
PL_1833,ProPlayer_833,Apex Legends,KR,20,62.0,0.65,1.65,271.0,15,38814.0,2391.0,3,1,4224.58
PL_1834,ProPlayer_834,Dota 2,EUW,20,43.5,0.74,2.78,278.0,9,62639.0,682.0,9,4,5389.94
PL_1835,ProPlayer_835,Valorant,BR,34,36.7,0.55,4.0,241.0,48,286814.0,2445.0,1,3,4190.07
PL_1836,ProPlayer_836,Apex Legends,EUW,29,37.4,0.48,3.92,204.0,31,268430.0,64.0,5,4,3202.24
PL_1837,ProPlayer_837,Valorant,na,19,48.0,0.65,2.17,189.0,1,23177.0,3385.0,0,0,4851.915556701031
PL_1838,ProPlayer_838,CS:GO,na,28,57.2,0.69,2.18,301.0,23,44350.0,3106.0,5,0,4805.79
PL_1839,ProPlayer_839,CS:GO,LAN,25,29.5,0.59,3.95,289.0,22,16181.0,941.0,9,2,8750.34
PL_1840,ProPlayer_840,Valorant,BR,33,52.8,0.74,4.29,282.0,1,71331.0,2539.0,0,1,3388.62
PL_1841,ProPlayer_841,CS:GO,,23,58.7,0.42,1.79,291.0,37,61726.0,2124.0,7,3,4851.915556701031
PL_1842,ProPlayer_842,Valorant,BR,23,77.9,0.58,2.85,242.0,30,231021.0,4223.0,4,1,4486.67
PL_1843,ProPlayer_843,valorant,EUW,22,33.8,0.65,2.51,219.0,39,265933.0,451.0,5,4,4104.63
PL_1844,ProPlayer_844,valorant,EUW,23,44.8,0.7,4.11,201.0,25,48380.0,1772.0,1,3,6026.21
PL_1845,ProPlayer_845,LoL,LAN,29,53.9,0.46,1.75,196.0,28,67675.0,1039.0,1,3,9475.93
PL_1846,ProPlayer_846,CS:GO,euw,34,67.2,0.68,2.13,311.0,2,226563.0,2067.0,8,0,4358.35
PL_1847,ProPlayer_847,CS:GO,KR,21,45.4,0.59,3.76,225.0,13,65902.5,2800.0,2,4,6031.79
PL_1848,ProPlayer_848,Apex Legends,euw,16,68.0,0.54,1.65,303.0,24,366.0,1022.0,5,0,1175.26
PL_1849,ProPlayer_849,Dota 2,KR,30,20.9,0.45,2.98,241.0,47,38575.0,1454.0,9,0,4212.94
PL_1850,ProPlayer_850,Valorant,LAN,16,31.2,0.7,2.83,216.0,0,54779.0,3449.0,4,2,8110.48
PL_1851,ProPlayer_851,Dota 2,BR,32,55.2,0.46,2.5,195.0,2,65902.5,4036.0,3,0,4890.04
PL_1852,ProPlayer_852,valorant,EUW,16,28.8,0.51,2.68,221.0,25,22260.0,2740.0,9,1,6004.68
PL_1853,ProPlayer_853,Dota 2,na,30,32.4,0.5,3.09,321.0,17,3851.0,1793.0,1,3,3754.5
PL_1854,ProPlayer_854,LoL,BR,17,42.1,0.7,1.98,196.0,8,103105.0,1650.0,7,0,5515.11
PL_1855,ProPlayer_855,CS:GO,KR,29,61.6,0.64,3.22,356.0,37,30450.0,2822.0,9,1,8265.55
PL_1856,ProPlayer_856,League of Legends,KR,23,21.6,0.68,3.92,208.0,22,5376.0,2342.0,6,4,2679.83
PL_1857,ProPlayer_857,Valorant,EUW,23,52.6,0.49,3.78,287.0,20,26263.0,-473.0,1,3,9373.09
PL_1858,ProPlayer_858,Valorant,,34,65.5,0.62,1.96,243.0,0,161905.0,2859.0,5,4,1908.11
PL_1859,ProPlayer_859,League of Legends,EUW,22,47.1,0.6,1.95,234.0,20,190709.0,709.0,7,1,4029.0
PL_1860,ProPlayer_860,valorant,euw,34,44.5,0.69,2.3,186.0,26,65984.0,-125.0,6,4,3328.17
PL_1861,ProPlayer_861,valorant,,21,56.0,0.72,2.58,245.0,41,53797.0,-503.0,0,4,4455.08
PL_1862,ProPlayer_862,Dota 2,,21,47.1,0.4,2.73,192.0,5,381008.0,1676.0,4,4,3302.19
PL_1863,ProPlayer_863,LoL,na,18,70.9,0.64,3.54,166.0,43,22384.0,475.0,1,0,3150.56
PL_1864,ProPlayer_864,League of Legends,KR,22,33.3,0.42,1.67,256.0,35,24252.0,-1490.0,5,0,2626.51
PL_1865,ProPlayer_865,Apex Legends,euw,34,49.2,0.59,1.6,218.0,27,34512.0,1462.0,6,0,6288.11
PL_1866,ProPlayer_866,Valorant,LAN,23,53.1,0.5,2.68,334.0,44,18965.0,1264.0,6,3,4524.08
PL_1867,ProPlayer_867,League of Legends,euw,25,44.3,0.51,3.59,300.0,16,47701.0,1775.0,2,1,4000.98
PL_1868,ProPlayer_868,Valorant,BR,30,6.9,0.52,2.08,335.0,39,241725.0,1057.0,6,0,4851.915556701031
PL_1869,ProPlayer_869,LoL,LAN,30,47.6,0.62,3.42,216.0,2,95541.0,4744.0,4,4,2010.73
PL_1870,ProPlayer_870,Valorant,EUW,16,63.5,0.52,2.28,257.0,11,53093.0,2776.0,7,4,5612.75
PL_1871,ProPlayer_871,Dota 2,KR,22,61.7,0.66,4.16,119.0,38,272434.0,1251.0,7,4,4812.46
PL_1872,ProPlayer_872,Apex Legends,,19,55.3,0.54,4.19,236.0,11,4967.0,1905.0,6,4,4873.92
PL_1873,ProPlayer_873,League of Legends,BR,21,33.5,0.42,2.39,255.0,1,23607.0,4122.0,5,2,6038.33
PL_1874,ProPlayer_874,CS:GO,LAN,16,55.9,0.67,2.19,258.0,45,83445.0,3435.0,1,3,8287.05
PL_1875,ProPlayer_875,Dota 2,LAN,20,41.4,0.5,2.73,248.0,21,95594.0,-94.0,5,1,5645.95
PL_1876,ProPlayer_876,LoL,KR,16,55.3,0.55,2.22,253.0,22,4036.0,539.0,8,1,4600.25
PL_1877,ProPlayer_877,Dota 2,KR,19,51.8,0.64,3.52,114.0,29,51590.0,827.0,1,0,2634.71
PL_1878,ProPlayer_878,CS:GO,EUW,17,35.4,0.52,3.98,263.0,4,104740.0,1340.0,0,2,218.36
PL_1879,ProPlayer_879,League of Legends,na,25,36.6,0.42,3.52,274.0,8,119756.0,1107.0,4,1,5255.77
PL_1880,ProPlayer_880,valorant,KR,20,55.3,0.53,3.97,317.0,20,101649.0,2051.0,5,3,2480.73
PL_1881,ProPlayer_881,Valorant,euw,25,46.7,0.73,2.69,268.0,10,38649.0,3104.0,2,4,-80.53
PL_1882,ProPlayer_882,Apex Legends,,16,37.4,0.62,1.97,243.0,4,9818.0,3354.0,7,0,4298.26
PL_1883,ProPlayer_883,Valorant,euw,21,36.2,0.64,3.71,305.0,34,55706.0,1510.0,6,3,5478.96
PL_1884,ProPlayer_884,Apex Legends,EUW,28,45.4,0.62,2.58,132.0,26,13783.0,-452.0,1,1,6488.61
PL_1885,ProPlayer_885,CS:GO,EUW,30,73.5,0.47,3.51,224.0,48,294930.0,439.0,6,2,7122.5
PL_1886,ProPlayer_886,valorant,KR,19,42.1,0.55,2.31,212.0,1,64468.0,1220.0,0,0,6751.42
PL_1887,ProPlayer_887,LoL,,28,49.8,0.66,1.74,248.0,23,38163.0,132.0,8,1,6805.15
PL_1888,ProPlayer_888,Dota 2,euw,30,51.5,0.44,4.48,140.0,30,145373.0,3711.0,6,0,2063.86
PL_1889,ProPlayer_889,League of Legends,BR,23,33.0,0.5,1.97,316.0,32,68905.0,231.0,5,1,4700.81
PL_1890,ProPlayer_890,LoL,BR,20,23.6,0.5,4.47,238.0,38,37111.0,2926.0,1,4,6159.67
PL_1891,ProPlayer_891,Apex Legends,LAN,30,34.6,0.55,4.43,266.0,29,167114.0,-523.0,2,2,5092.75
PL_1892,ProPlayer_892,LoL,na,19,53.7,0.74,3.88,261.0,45,201855.0,2986.0,0,4,4689.7
PL_1893,ProPlayer_893,Valorant,LAN,27,51.3,0.42,3.48,313.0,36,111782.0,1791.0,9,1,5056.18
PL_1894,ProPlayer_894,Dota 2,KR,28,60.5,0.58,3.23,157.0,27,4810.0,4269.0,4,3,5491.07
PL_1895,ProPlayer_895,Valorant,na,17,51.5,0.46,4.1,256.0,30,83545.0,303.0,8,4,4846.21
PL_1896,ProPlayer_896,League of Legends,,34,48.4,0.74,2.37,307.0,10,65902.5,1154.0,5,3,3307.44
PL_1897,ProPlayer_897,LoL,BR,34,40.9,0.44,2.9,245.0,22,14676.0,1444.0,4,1,1594.35
PL_1898,ProPlayer_898,Valorant,LAN,19,63.3,0.54,3.36,202.0,1,65902.5,1771.0,2,2,4591.95
PL_1899,ProPlayer_899,League of Legends,BR,19,36.2,0.66,2.73,220.0,39,214127.0,1481.0,4,3,5114.97
PL_1900,ProPlayer_900,Apex Legends,KR,26,33.3,0.65,2.78,230.0,40,2032.0,1510.0,7,1,5093.16
PL_1901,ProPlayer_901,valorant,BR,20,58.5,0.55,2.49,214.0,26,139726.0,1485.0,1,3,4851.915556701031
PL_1902,ProPlayer_902,League of Legends,BR,26,30.0,0.52,3.19,242.0,34,64202.0,-1107.0,4,4,7261.21
PL_1903,ProPlayer_903,Apex Legends,na,25,86.2,0.54,4.05,325.0,1,59198.0,3490.0,5,1,4791.95
PL_1904,ProPlayer_904,CS:GO,euw,23,51.2,0.49,2.1,220.0,38,712.0,6292.0,9,4,4806.27
PL_1905,ProPlayer_905,Valorant,KR,21,55.2,0.47,4.3,226.0,36,171146.0,2447.0,7,0,6146.26
PL_1906,ProPlayer_906,Apex Legends,BR,21,37.9,0.57,3.57,273.0,20,44601.0,296.0,7,1,5853.1
PL_1907,ProPlayer_907,Valorant,,23,45.3,0.49,3.97,241.0,4,77819.0,448.0,4,3,4114.88
PL_1908,ProPlayer_908,LoL,BR,30,43.6,0.5,3.17,184.0,44,65902.5,2920.0,8,0,6318.03
PL_1909,ProPlayer_909,CS:GO,,29,41.9,0.63,3.84,247.0,20,121277.0,2578.0,3,4,4707.25
PL_1910,ProPlayer_910,valorant,,26,59.5,0.74,1.55,245.0,28,312311.0,1574.0,8,4,4749.78
PL_1911,ProPlayer_911,CS:GO,EUW,27,43.3,0.61,3.96,299.0,19,75787.0,3130.0,6,3,5867.23
PL_1912,ProPlayer_912,Apex Legends,BR,28,65.3,0.43,1.62,201.0,37,51035.0,-1096.0,5,0,4397.67
PL_1913,ProPlayer_913,Dota 2,euw,23,89.9,0.43,4.17,299.0,19,307269.0,3131.0,3,2,5189.35
PL_1914,ProPlayer_914,Dota 2,EUW,33,45.6,0.73,4.48,245.0,49,102753.0,2357.0,1,3,5595.09
PL_1915,ProPlayer_915,Apex Legends,LAN,16,52.3,0.5,2.38,195.0,24,35403.0,506.0,7,4,6634.36
PL_1916,ProPlayer_916,valorant,LAN,30,55.7,0.43,2.13,185.0,1,13520.0,-150.0,5,1,6496.28
PL_1917,ProPlayer_917,CS:GO,euw,23,77.2,0.61,3.8,347.0,31,184867.0,2182.0,2,0,5534.09
PL_1918,ProPlayer_918,valorant,,26,48.8,0.62,2.26,242.0,25,44970.0,4111.0,6,2,-217.54
PL_1919,ProPlayer_919,CS:GO,euw,27,37.6,0.63,4.1,297.0,5,108019.0,1658.0,9,1,5486.7
PL_1920,ProPlayer_920,Dota 2,BR,27,31.0,0.49,1.81,165.0,40,63641.0,721.0,6,0,5795.77
PL_1921,ProPlayer_921,Valorant,KR,19,49.1,0.41,1.88,382.0,2,22180.0,2287.0,5,3,6201.86
PL_1922,ProPlayer_922,League of Legends,LAN,31,43.3,0.74,4.44,295.0,32,92051.0,4731.0,1,3,3087.95
PL_1923,ProPlayer_923,Dota 2,LAN,19,80.2,0.49,3.52,237.0,0,6260.0,2647.0,7,0,4851.915556701031
PL_1924,ProPlayer_924,Dota 2,LAN,20,76.5,0.64,4.04,235.0,4,53331.0,2809.0,0,2,6612.34
PL_1925,ProPlayer_925,valorant,na,20,34.5,0.65,2.47,287.0,12,79101.0,3834.0,0,0,2550.95
PL_1926,ProPlayer_926,Apex Legends,,23,39.3,0.61,3.53,284.0,18,57278.0,2709.0,5,1,7444.34
PL_1927,ProPlayer_927,CS:GO,na,25,51.1,0.51,3.28,259.0,11,138099.0,829.0,4,1,3842.7
PL_1928,ProPlayer_928,LoL,LAN,32,71.0,0.49,3.31,251.0,47,175982.0,-617.0,8,3,2945.65
PL_1929,ProPlayer_929,LoL,,24,50.9,0.61,3.55,278.0,24,147509.0,618.0,6,0,5699.24
PL_1930,ProPlayer_930,Valorant,,34,40.3,0.7,3.23,163.0,34,3958.0,343.0,1,3,6232.35
PL_1931,ProPlayer_931,CS:GO,euw,29,49.1,0.73,2.79,231.0,11,21583.0,2989.0,6,2,6113.16
PL_1932,ProPlayer_932,Apex Legends,euw,23,40.6,0.44,2.33,168.0,29,76918.0,3198.0,2,1,6003.22
PL_1933,ProPlayer_933,Valorant,,24,59.0,0.45,3.81,280.0,4,273063.0,2263.0,0,4,3584.42
PL_1934,ProPlayer_934,CS:GO,KR,26,39.4,0.73,2.18,216.0,33,180154.0,97.0,7,4,1946.18
PL_1935,ProPlayer_935,League of Legends,na,16,42.3,0.66,3.58,171.0,21,184854.0,4680.0,2,0,4220.67
PL_1936,ProPlayer_936,CS:GO,na,29,67.4,0.71,2.2,210.0,38,36126.0,1376.0,7,0,2708.58
PL_1937,ProPlayer_937,CS:GO,EUW,20,38.5,0.47,3.38,257.0,12,56115.0,2905.0,6,4,5865.1
PL_1938,ProPlayer_938,valorant,,29,28.3,0.61,3.74,240.0,46,63621.0,2074.0,1,0,4851.915556701031
PL_1939,ProPlayer_939,CS:GO,EUW,19,51.4,0.65,2.16,191.0,2,17122.0,2313.0,0,1,5345.39
PL_1940,ProPlayer_940,Dota 2,BR,16,44.6,0.64,1.68,165.0,19,3156.0,2852.0,6,2,4998.11
PL_1941,ProPlayer_941,CS:GO,,34,57.7,0.54,1.89,254.0,30,293563.0,956.0,0,2,4379.13
PL_1942,ProPlayer_942,League of Legends,,23,54.8,0.41,3.32,221.0,4,65902.5,3958.0,5,3,6960.7
PL_1943,ProPlayer_943,valorant,,30,49.5,0.6,4.05,237.0,23,27436.0,-369.0,9,1,1339.06
PL_1944,ProPlayer_944,Apex Legends,,30,49.1,0.49,1.63,242.0,39,8706.0,442.0,9,0,2587.7
PL_1945,ProPlayer_945,Valorant,,24,39.0,0.56,3.7,272.0,32,263816.0,3939.0,7,0,8653.47
PL_1946,ProPlayer_946,valorant,,24,51.3,0.74,2.52,292.0,7,86687.0,2885.0,6,3,2490.08
PL_1947,ProPlayer_947,Dota 2,EUW,25,63.2,0.54,2.94,257.0,23,109972.0,5811.0,3,3,4851.915556701031
PL_1948,ProPlayer_948,Valorant,LAN,24,35.4,0.69,4.29,234.0,49,242562.0,2103.0,0,0,6473.58
PL_1949,ProPlayer_949,Valorant,BR,18,49.9,0.47,2.5,251.0,19,42406.0,4551.0,0,0,1147.5
PL_1950,ProPlayer_950,Apex Legends,na,26,65.6,0.64,2.9,233.0,15,97155.0,-786.0,3,1,1531.4
PL_1951,ProPlayer_951,CS:GO,na,21,57.6,0.74,1.54,168.0,49,3957.0,-120.0,4,3,7529.43
PL_1952,ProPlayer_952,Dota 2,LAN,17,69.6,0.44,1.74,305.0,11,20674.0,3343.0,6,1,3054.11
PL_1953,ProPlayer_953,League of Legends,KR,22,41.5,0.4,2.28,295.0,12,65902.5,-611.0,3,0,3108.74
PL_1954,ProPlayer_954,LoL,euw,33,22.5,0.55,1.58,349.0,44,145572.0,1704.0,9,4,3958.25
PL_1955,ProPlayer_955,CS:GO,LAN,17,53.0,0.43,3.39,364.0,41,43177.0,3751.0,0,4,3059.04
PL_1956,ProPlayer_956,LoL,na,32,55.4,0.66,2.78,191.0,38,47290.0,2752.0,9,0,6052.54
PL_1957,ProPlayer_957,League of Legends,,26,70.5,0.72,3.14,233.0,24,65902.5,2017.0,6,3,2635.92
PL_1958,ProPlayer_958,Valorant,,27,67.8,0.55,2.02,376.0,45,24.0,1326.0,1,4,1068.48
PL_1959,ProPlayer_959,CS:GO,KR,34,58.1,0.49,2.39,248.0,31,27607.0,2303.0,1,3,7312.71
PL_1960,ProPlayer_960,LoL,na,22,61.5,0.55,3.49,262.0,23,23348.0,2866.0,7,4,2734.18
PL_1961,ProPlayer_961,Valorant,euw,21,47.1,0.65,4.4,174.0,47,28832.0,1009.0,9,3,3495.96
PL_1962,ProPlayer_962,Apex Legends,na,16,31.7,0.4,1.65,258.0,46,163941.0,2558.0,9,4,6659.72
PL_1963,ProPlayer_963,League of Legends,na,32,51.8,0.61,4.17,347.0,43,32805.0,3618.0,9,3,5140.49
PL_1964,ProPlayer_964,valorant,LAN,26,64.7,0.61,3.23,314.0,8,21260.0,1666.0,4,1,7224.68
PL_1965,ProPlayer_965,League of Legends,EUW,33,59.8,0.62,3.19,220.0,39,70171.0,2102.0,9,3,6690.28
PL_1966,ProPlayer_966,Apex Legends,,32,62.5,0.48,3.0,230.0,49,200726.0,2726.0,1,1,4093.14
PL_1967,ProPlayer_967,CS:GO,LAN,22,43.6,0.65,1.71,193.0,22,27621.0,2827.0,4,1,7043.84
PL_1968,ProPlayer_968,valorant,BR,32,46.0,0.43,1.77,207.0,49,8179.0,3318.0,7,0,5335.55
PL_1969,ProPlayer_969,Dota 2,BR,24,57.3,0.47,3.3,154.0,12,44068.0,478.0,5,1,3803.22
PL_1970,ProPlayer_970,League of Legends,BR,32,41.8,0.71,2.52,246.0,31,137694.0,1207.0,2,2,5580.8
PL_1971,ProPlayer_971,League of Legends,,23,42.3,0.66,4.25,326.0,49,80004.0,1262.0,7,1,2381.07
PL_1972,ProPlayer_972,Valorant,EUW,32,54.5,0.4,2.72,268.0,14,169714.0,644.0,8,3,6667.7
PL_1973,ProPlayer_973,valorant,LAN,22,61.4,0.49,1.93,318.0,35,320873.0,-698.0,4,1,6408.24
PL_1974,ProPlayer_974,Dota 2,KR,16,47.0,0.48,3.64,304.0,48,65902.5,-2882.0,1,3,5240.72
PL_1975,ProPlayer_975,Dota 2,LAN,28,32.6,0.49,2.38,223.0,4,92584.0,3793.0,1,3,1163.45
PL_1976,ProPlayer_976,valorant,euw,34,39.0,0.49,3.08,212.0,21,67991.0,-331.0,6,2,4851.915556701031
PL_1977,ProPlayer_977,League of Legends,LAN,34,53.1,0.42,3.59,214.0,15,4089.0,4350.0,0,1,5874.19
PL_1978,ProPlayer_978,LoL,na,32,52.9,0.56,4.2,164.0,40,415549.0,3109.0,9,1,4954.08
PL_1979,ProPlayer_979,League of Legends,euw,28,53.6,0.66,3.88,252.0,9,48366.0,1391.0,1,4,4638.67
PL_1980,ProPlayer_980,CS:GO,euw,31,57.8,0.61,3.53,105.0,23,16514.0,2925.0,9,4,4851.915556701031
PL_1981,ProPlayer_981,Dota 2,,23,50.1,0.64,3.54,280.0,17,109873.0,2638.0,3,0,4311.06
PL_1982,ProPlayer_982,LoL,,34,54.0,0.43,4.34,254.0,48,33447.0,347.0,0,3,6538.43
PL_1983,ProPlayer_983,LoL,LAN,33,49.3,0.73,2.39,274.0,17,88135.0,1978.0,3,2,3966.55
PL_1984,ProPlayer_984,Apex Legends,LAN,16,67.2,0.69,1.5,303.0,6,88374.0,530.0,9,4,4451.4
PL_1985,ProPlayer_985,Dota 2,LAN,29,71.5,0.68,2.32,260.0,3,59010.0,2981.0,4,1,4744.81
PL_1986,ProPlayer_986,CS:GO,KR,34,32.2,0.69,2.15,332.0,25,180861.0,927.0,8,0,4799.61
PL_1987,ProPlayer_987,League of Legends,BR,30,46.2,0.73,3.49,281.0,4,30783.0,1855.0,0,2,3764.38
PL_1988,ProPlayer_988,Valorant,,33,50.5,0.59,3.4,212.0,15,59535.0,1790.0,4,1,4659.6
PL_1989,ProPlayer_989,Apex Legends,na,17,46.0,0.47,3.28,238.0,34,77152.0,2182.0,1,1,5686.63
PL_1990,ProPlayer_990,Valorant,EUW,32,76.9,0.62,1.55,137.0,25,108952.0,4494.0,8,3,3190.39
PL_1991,ProPlayer_991,League of Legends,,33,53.4,0.66,3.69,205.0,17,153234.0,1639.0,5,3,4668.86
PL_1992,ProPlayer_992,Dota 2,EUW,21,37.9,0.66,2.47,231.0,28,50220.0,3827.0,1,4,8861.97
PL_1993,ProPlayer_993,CS:GO,KR,34,58.9,0.58,3.5,277.0,22,103859.0,2720.0,2,4,4873.71
PL_1994,ProPlayer_994,valorant,na,19,54.1,0.42,3.17,212.0,13,16323.0,4128.0,7,1,3139.15
PL_1995,ProPlayer_995,Valorant,euw,16,54.6,0.53,2.53,188.0,14,269782.0,1492.0,0,1,2905.18
PL_1996,ProPlayer_996,Apex Legends,na,23,77.1,0.72,1.9,156.0,48,65902.5,3044.0,2,4,2469.61
PL_1997,ProPlayer_997,CS:GO,BR,22,55.3,0.6,1.78,220.0,32,130756.0,1911.0,9,4,4851.915556701031
PL_1998,ProPlayer_998,Apex Legends,,18,45.4,0.59,3.99,348.0,24,65902.5,-2484.0,0,1,7016.04
PL_1999,ProPlayer_999,Dota 2,KR,25,20.7,0.49,4.26,264.0,20,65902.5,365.0,7,2,2420.75
