player_id,player_name,game_title,region,age,hours_played_weekly,win_rate,kda_ratio,average_apm,tournaments_played,followers_count,avg_viewers,sponsor_count,contract_years_left,monthly_revenue_usd
PL_1000,ProPlayer_0,Apex Legends,NA,22,62.5,0.69,2.61,212,22,275142,3582,8,0,7447.92
PL_1001,ProPlayer_1,Dota 2,EUW,30,30.1,0.56,4.19,264,47,72055,1946,9,4,5500.72
PL_1002,ProPlayer_2,Valorant,LAN,26,44.6,0.53,3.5,327,19,,3156,6,4,5056.99
PL_1003,ProPlayer_3,League of Legends,KR,23,49,0.57,3.86,217,37,76720,2073,9,3,5098.55
PL_1004,ProPlayer_4,CS:GO,BR,22,57.3,0.69,2.86,231,3,50118,-759,4,4,4787.72
PL_1005,ProPlayer_5,Dota 2,euw,34,38.4,0.52,3.39,264,14,188521,-2681,0,3,7434.48
PL_1006,ProPlayer_6,valorant,KR,26,48.7,0.46,2.25,185,23,67921,2315,5,2,1970.77
PL_1007,ProPlayer_7,CS:GO,euw,26,50.4,0.65,3.62,212,24,63847,1604,7,0,1887.95
PL_1008,ProPlayer_8,Valorant,NA,19,39.4,0.69,2.78,251,0,67395,2597,6,4,3127.24
PL_1009,ProPlayer_9,LoL,na,23,39.1,0.44,2.83,235,6,187591,1622,1,3,5578.32
PL_1010,ProPlayer_10,Valorant,LAN,18,200,0.48,3.45,280,30,178344,5027,4,2,8610.69
PL_1011,ProPlayer_11,valorant,EUW,17,48,0.45,4.31,388,11,51670,2346,3,4,6738.17
PL_1012,ProPlayer_12,Dota 2,BR,27,57.5,0.52,1.69,255,41,40541,1330,8,1,6184.89
PL_1013,ProPlayer_13,Dota 2,KR,21,34.2,0.56,3.97,208,4,67713,2506,9,2,4840.27
PL_1014,ProPlayer_14,Dota 2,KR,17,44.7,0.66,2.38,321,43,85043,1357,0,4,2334.94
PL_1015,ProPlayer_15,LoL,NA,16,46.6,0.63,2.83,171,49,27225,2139,5,2,6029.98
PL_1016,ProPlayer_16,CS:GO,KR,27,62.2,0.62,1.57,181,41,157966,174,2,0,9051.93
PL_1017,ProPlayer_17,LoL,BR,27,35.9,0.52,2.4,220,37,66647,1987,8,0,4519.88
PL_1018,ProPlayer_18,Valorant,LAN,32,53.5,0.69,3.01,236,11,40653,1283,4,0,3878.65
PL_1019,ProPlayer_19,Apex Legends,na,25,53.8,0.56,1.67,219,38,11296,316,5,1,4529.51
PL_1020,ProPlayer_20,Dota 2,na,31,74.7,0.74,2.97,248,17,27291,4964,8,0,6199.5
PL_1021,ProPlayer_21,LoL,NA,30,34.9,0.62,4.28,264,1,298145,374,8,1,5223.46
PL_1022,ProPlayer_22,Apex Legends,NA,30,40.1,0.44,1.82,303,9,36398,2010,7,0,6820.03
PL_1023,ProPlayer_23,valorant,BR,34,35.9,0.64,3.79,255,14,18495,796,8,2,4933.1
PL_1024,ProPlayer_24,LoL,BR,27,25,0.51,2.73,222,29,61743,2446,3,4,4517.98
PL_1025,ProPlayer_25,League of Legends,KR,18,76.5,5.5,3.47,301,43,36685,88,5,4,5458.01
PL_1026,ProPlayer_26,LoL,EUW,20,31.4,0.42,2.28,209,16,3579,3261,4,0,3920.7
PL_1027,ProPlayer_27,League of Legends,euw,34,37.8,0.46,1.98,168,3,,5054,4,4,8481.53
PL_1028,ProPlayer_28,Dota 2,LAN,22,69.7,0.7,1.98,310,6,78550,741,3,0,6646.23
PL_1029,ProPlayer_29,LoL,na,24,23.7,0.48,1.71,307,40,80232,3825,1,0,2800.6
PL_1030,ProPlayer_30,League of Legends,na,22,61.3,0.69,2.06,210,30,44092,1427,5,3,3508.48
PL_1031,ProPlayer_31,Apex Legends,NA,33,28.8,0.5,3.49,230,38,59294,4259,8,3,6130.67
PL_1032,ProPlayer_32,LoL,EUW,19,68.7,0.63,4.15,204,33,336731,5283,0,3,5366.64
PL_1033,ProPlayer_33,Dota 2,LAN,29,17.5,0.64,3.94,266,5,47376,1649,6,1,5605.02
PL_1034,ProPlayer_34,Valorant,BR,33,23.7,0.58,3.56,337,49,29871,-280,5,3,4615.75
PL_1035,ProPlayer_35,Valorant,KR,24,41.8,0.51,1.83,285,37,27900,3422,2,0,5910.35
PL_1036,ProPlayer_36,Dota 2,LAN,17,64.6,0.47,2.37,302,44,61205,2337,0,2,4662.79
PL_1037,ProPlayer_37,League of Legends,EUW,30,49.5,0.41,2.43,291,33,142511,2753,3,3,6126.76
PL_1038,ProPlayer_38,LoL,BR,22,45,0.51,2.25,250,43,23065,1490,8,3,6546.06
PL_1039,ProPlayer_39,Dota 2,KR,27,70.2,0.63,3.05,304,14,123545,673,1,2,8213.48
PL_1040,ProPlayer_40,CS:GO,EUW,23,82.3,0.73,3.11,287,13,2137,3741,2,0,3970.6
PL_1041,ProPlayer_41,Valorant,BR,30,60.1,0.7,2.57,322,5,54288,2480,1,1,4977.76
PL_1042,ProPlayer_42,valorant,na,18,40.7,0.67,2.56,227,49,149550,-165,1,3,2562.04
PL_1043,ProPlayer_43,League of Legends,KR,29,43.7,0.68,3.99,163,36,41359,3030,9,2,
PL_1044,ProPlayer_44,League of Legends,na,32,30.7,0.63,3.87,302,49,82951,2729,7,0,1049.02
PL_1045,ProPlayer_45,League of Legends,KR,19,51.5,0.49,2.42,267,31,22938,1512,2,4,8365.74
PL_1046,ProPlayer_46,Valorant,LAN,33,25.6,0.72,4.24,235,2,135477,4430,6,1,5186.94
PL_1047,ProPlayer_47,Valorant,NA,23,58.3,0.63,4.36,238,2,5369,1073,7,2,5836.86
PL_1048,ProPlayer_48,CS:GO,NA,19,80.1,0.6,2.48,378,21,191421,1747,2,2,4668.66
PL_1049,ProPlayer_49,Dota 2,euw,17,60.8,0.44,2.56,218,21,22089,3153,1,2,5062.2
PL_1050,ProPlayer_50,Dota 2,BR,21,43,0.56,3.02,207,9,207463,2115,7,3,6176.17
PL_1051,ProPlayer_51,League of Legends,euw,25,57.9,0.56,4.32,254,2,43468,-77,2,4,1726.71
PL_1052,ProPlayer_52,LoL,EUW,19,74.3,0.7,4.13,309,11,128259,2276,6,1,3695.75
PL_1053,ProPlayer_53,LoL,BR,33,73.6,0.59,1.81,364,28,38452,1378,0,0,3309.89
PL_1054,ProPlayer_54,LoL,BR,27,34.9,0.53,2.68,283,47,236352,3285,5,0,5894.81
PL_1055,ProPlayer_55,Dota 2,BR,17,57.7,0.74,3.16,186,16,13540,2227,8,4,5008.73
PL_1056,ProPlayer_56,Valorant,euw,25,47.6,0.44,3.01,349,6,,2142,2,2,6236.19
PL_1057,ProPlayer_57,LoL,NA,19,62.1,0.55,2.08,249,12,67930,428,6,2,5329.55
PL_1058,ProPlayer_58,valorant,LAN,29,55.8,0.41,4.08,208,1,8549,1655,5,2,7117.18
PL_1059,ProPlayer_59,CS:GO,na,31,14.5,0.66,3.53,196,3,,3455,7,2,3519.45
PL_1060,ProPlayer_60,LoL,EUW,30,44.8,0.72,4.01,292,9,287824,835,2,2,5116.31
PL_1061,ProPlayer_61,valorant,BR,23,53,0.5,4.08,262,38,375031,1951,2,4,7218.73
PL_1062,ProPlayer_62,Valorant,LAN,29,28.5,0.7,3.75,267,23,47202,595,3,3,6818.65
PL_1063,ProPlayer_63,League of Legends,euw,23,58.7,0.5,2.82,314,16,256767,224,2,1,2040.71
PL_1064,ProPlayer_64,CS:GO,BR,31,27.1,0.72,3.33,210,5,78707,1873,8,2,2957.78
PL_1065,ProPlayer_65,League of Legends,LAN,28,38,0.66,1.98,318,18,31435,2261,3,3,4836.42
PL_1066,ProPlayer_66,League of Legends,na,33,70.1,0.68,3.52,224,4,121200,4991,5,0,4530.33
PL_1067,ProPlayer_67,valorant,LAN,30,36.7,0.41,2.04,358,31,107558,1317,7,4,4869.15
PL_1068,ProPlayer_68,CS:GO,NA,28,58.6,0.74,3.58,280,9,452131,1925,7,3,6592.38
PL_1069,ProPlayer_69,Valorant,euw,24,23.7,0.65,2.19,204,8,30794,125,4,2,
PL_1070,ProPlayer_70,Valorant,NA,30,81.2,0.51,1.85,149,26,111492,2918,4,2,5695.38
PL_1071,ProPlayer_71,Valorant,euw,28,45.4,0.69,2,290,12,5342,2597,5,2,6341.23
PL_1072,ProPlayer_72,Valorant,LAN,16,51.4,0.5,1.51,231,18,12063,4233,9,3,7148.35
PL_1073,ProPlayer_73,Valorant,euw,22,52.7,0.71,3.66,242,20,392,3667,6,2,-1112.02
PL_1074,ProPlayer_74,valorant,euw,24,59.1,0.44,3.7,288,23,752520,2527,9,3,4226.75
PL_1075,ProPlayer_75,Apex Legends,BR,16,27.2,0.65,3.04,301,37,,1295,6,2,3234.06
PL_1076,ProPlayer_76,CS:GO,NA,27,49.9,0.59,1.98,311,3,154516,2307,3,0,5950.63
PL_1077,ProPlayer_77,League of Legends,NA,23,40.1,0.43,1.75,191,23,71279,1833,5,0,4075.79
PL_1078,ProPlayer_78,Apex Legends,KR,26,24.7,0.48,1.56,321,34,35677,3430,6,1,5151.72
PL_1079,ProPlayer_79,LoL,na,34,64.8,0.4,2,221,2,16400,3239,4,2,6704.29
PL_1080,ProPlayer_80,valorant,na,32,44.7,0.56,4.17,137,3,33501,1555,4,2,3794.03
PL_1081,ProPlayer_81,Apex Legends,euw,23,53.6,0.51,2.22,191,36,47155,-193,1,3,5725.63
PL_1082,ProPlayer_82,League of Legends,EUW,18,52.7,0.61,2.56,261,39,141185,4000,6,3,8107.66
PL_1083,ProPlayer_83,CS:GO,euw,18,45,0.5,1.82,201,47,77579,2873,5,2,6663.23
PL_1084,ProPlayer_84,League of Legends,EUW,16,79.6,0.5,2.17,246,34,8065,1521,0,1,1828.45
PL_1085,ProPlayer_85,League of Legends,EUW,20,49.3,0.66,3.06,267,30,1819,2814,3,2,4416.51
PL_1086,ProPlayer_86,LoL,euw,25,26.6,0.42,3.32,241,43,10795,2112,2,3,5711.63
PL_1087,ProPlayer_87,CS:GO,EUW,22,44,0.72,2.24,225,24,52847,3978,2,2,6105.57
PL_1088,ProPlayer_88,Dota 2,LAN,24,57.5,0.7,1.67,187,39,270594,-895,6,3,4495.3
PL_1089,ProPlayer_89,LoL,LAN,22,58,0.63,2.67,251,12,101446,1404,9,2,3720.42
PL_1090,ProPlayer_90,LoL,KR,24,33.7,0.61,2.2,147,3,161860,4399,3,4,5135.53
PL_1091,ProPlayer_91,CS:GO,BR,23,63.9,0.71,2.16,216,45,62806,2845,7,3,2826.23
PL_1092,ProPlayer_92,CS:GO,euw,27,23.6,0.46,4.38,204,13,44889,4659,8,1,7199.47
PL_1093,ProPlayer_93,League of Legends,NA,17,67.2,0.43,3.35,238,12,11473,167,2,4,8737.36
PL_1094,ProPlayer_94,Valorant,LAN,16,30.2,0.48,3.17,239,26,208693,3608,4,2,5789.39
PL_1095,ProPlayer_95,valorant,KR,31,46.6,0.68,2.75,298,5,152859,3518,3,3,4535.12
PL_1096,ProPlayer_96,CS:GO,KR,20,66,0.41,2.79,329,16,18406,-523,9,4,6881.8
PL_1097,ProPlayer_97,valorant,LAN,18,51.8,0.6,3.12,194,35,71797,1557,5,1,
PL_1098,ProPlayer_98,League of Legends,na,27,62.3,0.75,3.59,350,39,66821,1840,9,3,4448.92
PL_1099,ProPlayer_99,valorant,na,23,59.3,0.7,3.61,211,48,98107,-429,3,4,4904.31
PL_1100,ProPlayer_100,LoL,EUW,18,69.3,0.58,2.02,259,34,,1588,7,4,3780.93
PL_1101,ProPlayer_101,Apex Legends,euw,16,65.9,0.42,3,276,16,86695,3310,2,4,5329.37
PL_1102,ProPlayer_102,Apex Legends,euw,18,43.2,0.69,2.74,372,40,77700,1414,4,0,5597.82
PL_1103,ProPlayer_103,Dota 2,LAN,20,59.5,0.61,4.11,223,1,5163,2363,0,2,3439.73
PL_1104,ProPlayer_104,valorant,LAN,30,27.1,0.44,3.39,160,12,6497,2374,5,3,2850.65
PL_1105,ProPlayer_105,LoL,na,29,49.1,0.43,3.1,325,1,20745,1982,4,3,2347.97
PL_1106,ProPlayer_106,CS:GO,BR,18,62.3,0.72,1.85,208,27,3300,942,7,3,5833.07
PL_1107,ProPlayer_107,League of Legends,na,16,52,0.63,3.32,232,42,136005,2988,8,4,4977.03
PL_1108,ProPlayer_108,CS:GO,KR,20,56.7,0.69,1.85,194,25,128493,-381,7,2,4832.85
PL_1109,ProPlayer_109,Dota 2,KR,29,46.8,0.71,2.51,232,21,14624,2013,7,1,5929.05
PL_1110,ProPlayer_110,valorant,EUW,22,66.9,0.6,1.93,208,46,180837,4078,2,3,3198.08
PL_1111,ProPlayer_111,LoL,euw,24,48.8,0.58,3.58,284,42,16816,1329,3,2,2859.49
PL_1112,ProPlayer_112,LoL,EUW,30,43,0.55,2.12,254,2,35835,909,3,2,5482.16
PL_1113,ProPlayer_113,LoL,na,30,63.3,0.51,2.68,216,34,28631,3088,4,0,1542.64
PL_1114,ProPlayer_114,CS:GO,EUW,25,28.9,0.55,4.19,300,11,46570,2245,8,3,4482.03
PL_1115,ProPlayer_115,CS:GO,LAN,28,57.5,0.67,2.11,263,23,29391,3118,8,4,9932.89
PL_1116,ProPlayer_116,League of Legends,euw,34,34.4,0.61,3.02,158,4,67128,2058,9,2,2302.93
PL_1117,ProPlayer_117,Apex Legends,LAN,22,69.2,0.71,2.76,296,19,52324,-1582,0,2,4140.52
PL_1118,ProPlayer_118,Apex Legends,na,32,46.1,0.56,1.55,259,38,,3770,7,1,754.21
PL_1119,ProPlayer_119,CS:GO,LAN,19,52,0.61,3.88,320,38,5755,5105,0,0,4532.54
PL_1120,ProPlayer_120,Valorant,NA,20,56.2,0.62,1.71,256,12,15336,3926,1,2,8933.07
PL_1121,ProPlayer_121,CS:GO,euw,22,21.1,0.61,2.92,210,40,5427,-3308,6,2,5933.83
PL_1122,ProPlayer_122,LoL,na,28,40.2,0.65,3.18,240,44,98307,2677,7,4,3772.44
PL_1123,ProPlayer_123,Valorant,na,30,65.7,0.48,3.39,290,11,5605,1300,0,4,9362.82
PL_1124,ProPlayer_124,Dota 2,euw,26,63,0.58,3.57,211,12,181057,374,2,1,1515.29
PL_1125,ProPlayer_125,LoL,EUW,19,54.2,0.44,2.26,228,9,,2184,6,1,5907.89
PL_1126,ProPlayer_126,Valorant,NA,28,29.8,0.53,1.53,239,32,74867,1777,8,1,5129.83
PL_1127,ProPlayer_127,Apex Legends,euw,22,58.8,0.57,3.67,193,39,82461,2763,7,4,4505.95
PL_1128,ProPlayer_128,Dota 2,LAN,34,60.7,0.63,3.11,212,15,18731,2085,7,4,6614.18
PL_1129,ProPlayer_129,Valorant,LAN,17,50.7,0.73,4.01,259,44,22026,319,8,0,2636.04
PL_1130,ProPlayer_130,Apex Legends,euw,25,68.3,0.61,3.96,310,34,38392,1135,9,3,5625.25
PL_1131,ProPlayer_131,Apex Legends,euw,28,39.7,0.66,4.03,266,2,90016,893,2,3,5371.32
PL_1132,ProPlayer_132,valorant,BR,21,42.4,0.58,2.96,248,4,23587,-575,7,0,3257.97
PL_1133,ProPlayer_133,CS:GO,LAN,27,12.7,0.62,2.5,208,25,12367,-57,0,3,8899.99
PL_1134,ProPlayer_134,Valorant,EUW,27,63.8,0.42,3.87,305,10,351046,1683,7,4,4636.33
PL_1135,ProPlayer_135,CS:GO,euw,26,54.7,0.49,2.85,272,6,2222,4136,6,3,4722.7
PL_1136,ProPlayer_136,Valorant,KR,22,24.8,0.53,2.05,215,9,162301,1197,7,4,2944.65
PL_1137,ProPlayer_137,Apex Legends,na,16,23.6,0.57,4.06,295,41,155133,864,0,0,4673.32
PL_1138,ProPlayer_138,Dota 2,na,16,36.9,0.42,4.15,278,33,35270,228,5,1,9669.51
PL_1139,ProPlayer_139,Dota 2,LAN,28,61.9,0.45,2.9,209,2,,2046,6,0,4494.58
PL_1140,ProPlayer_140,LoL,euw,24,45.5,0.5,1.73,245,7,15738,3769,4,3,6037.4
PL_1141,ProPlayer_141,League of Legends,NA,18,37.9,0.74,2.66,225,30,119544,5004,4,4,6901.1
PL_1142,ProPlayer_142,Apex Legends,EUW,22,34.9,0.52,3.91,382,10,102947,2428,6,3,4637.2
PL_1143,ProPlayer_143,League of Legends,NA,21,34.2,0.57,4.21,277,44,152668,2210,2,3,4180.82
PL_1144,ProPlayer_144,Apex Legends,KR,23,21,0.47,2.11,259,6,277228,1185,5,1,5944.53
PL_1145,ProPlayer_145,League of Legends,EUW,24,31.9,0.61,1.7,274,44,117741,1435,6,3,4517.48
PL_1146,ProPlayer_146,Apex Legends,EUW,20,33.9,0.5,4.13,319,1,16942,2944,0,1,4336.31
PL_1147,ProPlayer_147,Dota 2,BR,16,60.2,0.47,2.67,246,5,27897,1528,1,4,6879.78
PL_1148,ProPlayer_148,Apex Legends,EUW,34,47.5,0.58,3.13,221,40,184638,1757,3,4,4861.15
PL_1149,ProPlayer_149,CS:GO,NA,25,37.6,0.4,4.4,292,31,23484,1962,7,1,7426.48
PL_1150,ProPlayer_150,valorant,na,27,84.6,0.4,1.7,241,19,7528,1114,9,0,4816.15
PL_1151,ProPlayer_151,LoL,LAN,30,40,0.48,3.44,197,33,121496,1888,5,4,2365.61
PL_1152,ProPlayer_152,CS:GO,euw,24,67.5,0.41,1.72,187,49,51504,-1029,0,0,-1851.59
PL_1153,ProPlayer_153,Dota 2,LAN,32,74.3,0.44,2.63,326,15,252622,2823,9,4,1323.7
PL_1154,ProPlayer_154,valorant,EUW,32,26.5,0.52,3.91,257,24,105055,5528,4,4,1668.08
PL_1155,ProPlayer_155,Apex Legends,NA,27,51.1,0.68,2.8,221,11,9477,1172,6,2,5533.08
PL_1156,ProPlayer_156,valorant,EUW,22,42.2,0.6,4.49,238,6,295375,2561,5,3,3057.33
PL_1157,ProPlayer_157,LoL,EUW,17,41,0.58,3.18,290,38,29915,3277,8,3,1051.74
PL_1158,ProPlayer_158,Valorant,euw,18,58.3,0.5,2.46,235,16,41130,3920,7,0,4738.19
PL_1159,ProPlayer_159,LoL,LAN,32,40.7,0.73,2.16,178,44,51460,1604,3,3,2836.34
PL_1160,ProPlayer_160,LoL,BR,20,42.6,0.54,2.55,266,10,5258,-705,4,0,5926.2
PL_1161,ProPlayer_161,Apex Legends,KR,32,47.5,0.43,2.62,310,5,68620,2401,6,4,5876.54
PL_1162,ProPlayer_162,Valorant,EUW,32,44.4,0.62,1.71,307,22,13161,2193,7,2,6088.17
PL_1163,ProPlayer_163,Dota 2,euw,32,32.4,0.44,2.61,222,26,51244,1482,4,2,-116.56
PL_1164,ProPlayer_164,League of Legends,NA,17,61.9,0.52,2.89,313,45,43187,1800,8,4,5090.82
PL_1165,ProPlayer_165,Dota 2,LAN,17,65.7,0.58,3.67,261,5,148210,2216,9,1,4757.2
PL_1166,ProPlayer_166,CS:GO,LAN,20,55.2,0.71,3.47,312,37,162541,2543,3,1,2556.71
PL_1167,ProPlayer_167,Apex Legends,KR,16,44.4,0.57,3.63,279,1,16654,2480,3,3,725.14
PL_1168,ProPlayer_168,League of Legends,na,16,39.4,0.65,1.53,174,21,45657,1673,7,0,4782.63
PL_1169,ProPlayer_169,LoL,KR,34,39.4,0.75,2.15,337,19,46737,2576,0,2,7128.23
PL_1170,ProPlayer_170,Apex Legends,NA,17,85.4,0.45,3.49,253,24,16417,1572,7,3,-163.52
PL_1171,ProPlayer_171,Apex Legends,KR,27,64.1,0.5,2.95,279,14,160173,2963,4,4,3334.96
PL_1172,ProPlayer_172,Dota 2,euw,21,37.4,0.54,1.52,183,48,122836,1059,0,2,5263.07
PL_1173,ProPlayer_173,Apex Legends,euw,19,52.5,0.55,3.91,275,28,21119,2110,3,0,7249.84
PL_1174,ProPlayer_174,valorant,EUW,26,44.6,0.54,3.82,305,7,45684,-436,1,0,4375.26
PL_1175,ProPlayer_175,Apex Legends,BR,32,58.8,0.72,3.15,347,36,11183,1445,3,1,8862.01
PL_1176,ProPlayer_176,Apex Legends,euw,21,58.2,0.65,1.7,320,48,98941,2851,7,3,1409.39
PL_1177,ProPlayer_177,League of Legends,KR,20,66.3,0.61,3.8,278,32,12939,449,4,4,966.12
PL_1178,ProPlayer_178,valorant,KR,17,37.2,0.51,3.25,173,21,426400,1520,0,2,7035.43
PL_1179,ProPlayer_179,CS:GO,LAN,21,51.6,0.69,3.85,257,49,151723,-1608,6,0,300.75
PL_1180,ProPlayer_180,Valorant,LAN,26,23.8,0.73,3.76,220,46,49468,-52,0,2,5923.06
PL_1181,ProPlayer_181,Valorant,BR,31,31.1,0.69,3.91,262,4,86408,340,8,4,4410.94
PL_1182,ProPlayer_182,League of Legends,LAN,31,63.3,0.4,3.05,189,38,242296,2153,2,2,3198
PL_1183,ProPlayer_183,LoL,KR,16,35.7,0.62,1.92,239,17,80765,2500,2,3,4146.67
PL_1184,ProPlayer_184,League of Legends,BR,24,37.4,0.42,3.51,224,37,19176,1916,5,1,2421.86
PL_1185,ProPlayer_185,LoL,na,21,49.9,0.49,3.36,223,36,47594,1426,9,2,4363.33
PL_1186,ProPlayer_186,Valorant,BR,31,60.4,0.42,3.73,223,29,185243,1431,5,1,5034.84
PL_1187,ProPlayer_187,League of Legends,KR,18,34.1,0.61,2.01,243,30,103342,3074,5,4,4167.56
PL_1188,ProPlayer_188,League of Legends,euw,19,-2.2,0.64,2.08,264,9,105189,2319,0,1,3830.13
PL_1189,ProPlayer_189,CS:GO,NA,34,36.9,0.44,4.17,125,14,201606,1499,4,2,5508.27
PL_1190,ProPlayer_190,Valorant,euw,18,68.1,0.53,3.75,131,41,224406,3940,5,2,8319.14
PL_1191,ProPlayer_191,Dota 2,BR,34,55.1,0.56,4.22,233,47,252313,4925,7,0,4467.59
PL_1192,ProPlayer_192,Apex Legends,na,22,69.9,0.53,3.78,240,43,9965,131,0,2,6639.98
PL_1193,ProPlayer_193,League of Legends,NA,24,33,0.44,3.29,259,17,78553,2784,4,1,3067.65
PL_1194,ProPlayer_194,LoL,euw,16,25.4,0.55,3.46,214,22,134903,6635,2,0,2331.84
PL_1195,ProPlayer_195,Dota 2,LAN,23,56.9,0.66,4.17,250,32,141439,2420,1,2,
PL_1196,ProPlayer_196,League of Legends,KR,22,53.6,0.42,3.24,256,15,93322,2173,7,2,4532.93
PL_1197,ProPlayer_197,League of Legends,NA,33,54.6,0.43,3.4,213,37,18246,1916,6,4,7258.99
PL_1198,ProPlayer_198,Apex Legends,EUW,23,64,0.52,1.97,301,34,159662,2735,9,0,7650.85
PL_1199,ProPlayer_199,Dota 2,EUW,16,56.3,0.73,2.92,259,33,,3132,6,4,6678.17
PL_1200,ProPlayer_200,Apex Legends,euw,26,56.1,0.63,3.65,277,27,9007,133,4,4,6634.72
PL_1201,ProPlayer_201,LoL,KR,33,60.7,0.64,2.31,253,1,62326,1960,8,4,-1850.73
PL_1202,ProPlayer_202,LoL,BR,25,57.5,0.53,2.11,355,29,19113,-1404,4,3,5889.04
PL_1203,ProPlayer_203,valorant,NA,18,62.9,0.61,2.44,280,12,41170,1686,1,4,6725.76
PL_1204,ProPlayer_204,CS:GO,EUW,22,65.1,0.4,2.22,226,40,1824,646,2,1,2456.43
PL_1205,ProPlayer_205,CS:GO,EUW,31,73,0.62,2.14,291,15,51137,2509,3,2,5017.55
PL_1206,ProPlayer_206,LoL,BR,31,40.3,0.72,2.77,168,4,79823,-485,4,3,2914.54
PL_1207,ProPlayer_207,Dota 2,KR,32,57.2,0.61,4.22,256,27,96648,1232,2,4,7055.02
PL_1208,ProPlayer_208,Valorant,LAN,17,44.4,0.71,3.02,266,38,108912,3450,6,2,3088
PL_1209,ProPlayer_209,LoL,LAN,16,37.5,0.65,2.06,257,44,180966,986,4,0,3414.28
PL_1210,ProPlayer_210,Apex Legends,BR,31,39.7,0.44,1.73,233,19,24266,-857,4,0,4071.9
PL_1211,ProPlayer_211,valorant,na,27,57.4,0.72,3.59,199,23,12838,2386,5,2,9498.82
PL_1212,ProPlayer_212,valorant,KR,20,56.3,0.42,2.65,211,26,190742,1120,6,1,7009.34
PL_1213,ProPlayer_213,League of Legends,BR,20,56,0.59,3.97,255,29,17032,1721,9,2,8225.21
PL_1214,ProPlayer_214,valorant,na,24,46.6,0.45,3.48,194,44,367932,905,9,2,1373.76
PL_1215,ProPlayer_215,Apex Legends,euw,24,50.1,0.4,3.89,339,26,184857,4962,7,3,2461.41
PL_1216,ProPlayer_216,CS:GO,KR,18,62.3,0.55,2.32,118,25,69490,-337,8,0,7677.16
PL_1217,ProPlayer_217,valorant,euw,34,27.7,0.5,3.58,234,6,,6250,3,0,1479.68
PL_1218,ProPlayer_218,Apex Legends,EUW,31,50.4,0.57,2.29,256,41,10245,1414,4,4,3656.63
PL_1219,ProPlayer_219,League of Legends,NA,31,51.3,0.6,4.32,275,46,36106,2275,4,2,9110.68
PL_1220,ProPlayer_220,Dota 2,NA,18,61.3,0.42,3.41,204,37,101673,1138,7,2,3073.07
PL_1221,ProPlayer_221,valorant,KR,16,29.7,0.44,2.47,307,4,43079,1075,8,1,1358.01
PL_1222,ProPlayer_222,Apex Legends,KR,26,72.4,0.6,2.31,180,22,263627,823,6,0,5094.95
PL_1223,ProPlayer_223,CS:GO,BR,32,53.2,0.52,2.07,222,27,6787,2902,4,1,1440.51
PL_1224,ProPlayer_224,valorant,na,23,54,0.66,3.58,281,33,,-116,2,3,7474.5
PL_1225,ProPlayer_225,LoL,NA,19,44,0.63,2.16,302,14,89371,2546,0,4,3210.28
PL_1226,ProPlayer_226,valorant,EUW,21,58.1,0.7,3.29,180,31,105764,-1277,8,1,2809.52
PL_1227,ProPlayer_227,LoL,na,23,50.7,0.64,2.29,382,25,29526,2410,4,0,5058.76
PL_1228,ProPlayer_228,Dota 2,EUW,18,68.1,0.55,3.49,205,47,45344,3274,8,3,4191.12
PL_1229,ProPlayer_229,Dota 2,EUW,31,28.4,0.64,3.94,184,30,185585,88,9,2,5504.7
PL_1230,ProPlayer_230,Dota 2,EUW,18,52.6,0.5,3.83,275,18,21684,3018,3,3,6043.01
PL_1231,ProPlayer_231,valorant,LAN,33,56.1,0.51,3.78,233,8,175370,2077,4,1,4565.42
PL_1232,ProPlayer_232,LoL,BR,29,47.2,0.68,2.06,225,28,82703,4398,3,0,2677.1
PL_1233,ProPlayer_233,Dota 2,BR,33,43.9,0.56,1.77,280,38,143627,717,1,1,6461.02
PL_1234,ProPlayer_234,LoL,na,17,44.6,0.68,3.6,174,3,125039,6224,0,2,3613.18
PL_1235,ProPlayer_235,Apex Legends,KR,18,52.6,0.69,2.61,165,2,23257,-1586,7,2,3261.82
PL_1236,ProPlayer_236,League of Legends,BR,31,22.9,0.7,2.8,220,28,84121,1506,3,0,5285.32
PL_1237,ProPlayer_237,valorant,LAN,24,64.5,0.72,1.59,304,10,202285,-548,4,4,1142.68
PL_1238,ProPlayer_238,Valorant,BR,19,42.8,0.55,2.28,222,32,56583,4777,5,3,5781.75
PL_1239,ProPlayer_239,LoL,na,16,51.9,0.51,1.6,330,37,339892,1607,7,3,5391.52
PL_1240,ProPlayer_240,valorant,na,19,55.5,0.6,4.14,310,10,60187,1742,7,2,7243.64
PL_1241,ProPlayer_241,League of Legends,BR,16,42.1,0.53,2.23,264,26,15406,2665,6,1,3999.22
PL_1242,ProPlayer_242,League of Legends,BR,29,48,0.61,3.17,267,32,49336,1993,3,1,7649.66
PL_1243,ProPlayer_243,LoL,BR,31,19.5,0.65,1.62,264,20,303037,1109,5,4,6059.29
PL_1244,ProPlayer_244,Valorant,KR,23,61,0.64,3.5,258,38,38525,115,3,1,4946.42
PL_1245,ProPlayer_245,LoL,euw,22,66.2,0.53,2.47,232,30,202569,2253,6,3,8633.39
PL_1246,ProPlayer_246,LoL,euw,18,24.5,0.46,4.19,237,37,213074,2568,0,1,5190.43
PL_1247,ProPlayer_247,Dota 2,euw,32,43.9,0.55,4.16,197,45,43106,3043,4,4,3963.27
PL_1248,ProPlayer_248,Dota 2,na,16,31.6,0.45,2.48,139,1,8692,4869,9,3,5247.68
PL_1249,ProPlayer_249,League of Legends,LAN,31,47.3,0.71,4.2,305,26,128937,-1261,9,1,3922.06
PL_1250,ProPlayer_250,valorant,na,27,59.7,0.52,4.49,258,35,37325,1898,3,3,5747.29
PL_1251,ProPlayer_251,CS:GO,BR,34,64.8,0.45,3.98,250,10,152750,3788,6,2,7641.37
PL_1252,ProPlayer_252,LoL,BR,29,66.8,0.41,4.03,270,46,58457,1813,8,2,4983.99
PL_1253,ProPlayer_253,valorant,euw,21,69.7,0.63,2.25,209,17,66410,-1507,4,2,5180.28
PL_1254,ProPlayer_254,League of Legends,BR,21,46.7,0.62,3.23,200,0,150466,63,3,1,6595.66
PL_1255,ProPlayer_255,valorant,na,28,32.8,0.52,1.7,236,34,48185,2493,8,4,7374.48
PL_1256,ProPlayer_256,valorant,EUW,34,48.3,0.43,1.78,318,34,58541,2438,4,3,4094.73
PL_1257,ProPlayer_257,Apex Legends,LAN,23,59.5,0.54,4.5,192,30,47191,3009,8,0,5344.67
PL_1258,ProPlayer_258,LoL,KR,17,31.6,0.51,2.48,119,27,45782,828,7,2,6604.52
PL_1259,ProPlayer_259,League of Legends,euw,16,74.9,0.64,3.74,224,38,74643,2390,3,2,5659.9
PL_1260,ProPlayer_260,LoL,KR,30,63.5,0.61,3.92,307,0,165443,581,6,0,1275.82
PL_1261,ProPlayer_261,CS:GO,BR,16,46.9,0.53,4.07,163,24,44905,2390,4,0,6965.45
PL_1262,ProPlayer_262,Valorant,euw,20,39.3,0.48,4.49,191,42,74287,2080,9,1,6045.76
PL_1263,ProPlayer_263,League of Legends,BR,31,40,0.75,2.22,263,37,111086,769,3,3,6187.9
PL_1264,ProPlayer_264,Apex Legends,LAN,34,51.1,0.56,1.62,378,19,31394,4337,4,2,2615.7
PL_1265,ProPlayer_265,CS:GO,EUW,19,46.6,0.64,2.73,182,2,32506,-558,4,4,5304.78
PL_1266,ProPlayer_266,Dota 2,euw,18,64.3,0.45,1.89,180,1,270924,1788,8,1,6686.69
PL_1267,ProPlayer_267,Dota 2,LAN,32,44.9,0.57,1.57,267,17,128566,736,8,1,3238.84
PL_1268,ProPlayer_268,LoL,LAN,32,57.6,0.41,2.58,310,43,86082,4751,5,4,3758.91
PL_1269,ProPlayer_269,League of Legends,EUW,27,49.6,0.58,3.85,219,9,104332,2898,3,4,6720.96
PL_1270,ProPlayer_270,Valorant,KR,29,54,0.74,3.2,169,4,2973,1026,1,4,3665.79
PL_1271,ProPlayer_271,Dota 2,na,21,46.5,0.53,2.44,272,8,96260,1580,2,0,4582.98
PL_1272,ProPlayer_272,valorant,KR,18,60.6,0.41,3.46,281,1,71234,4792,1,2,2930.76
PL_1273,ProPlayer_273,Dota 2,euw,24,60.8,0.41,2.2,339,33,78910,581,4,0,8639.88
PL_1274,ProPlayer_274,League of Legends,EUW,20,56.9,0.54,1.54,283,37,44538,-647,5,2,6041.25
PL_1275,ProPlayer_275,Dota 2,KR,32,59.1,0.46,3.79,291,30,8498,2437,4,0,4489.21
PL_1276,ProPlayer_276,CS:GO,EUW,29,35.8,0.41,3.37,237,9,21485,2470,1,3,4115.25
PL_1277,ProPlayer_277,CS:GO,LAN,18,54.8,0.66,3.79,372,49,301073,2999,4,2,2543.27
PL_1278,ProPlayer_278,Apex Legends,NA,16,68.7,0.56,1.62,230,11,52543,3009,8,1,4779.8
PL_1279,ProPlayer_279,LoL,na,16,57.4,0.5,4.01,219,35,62863,4656,3,2,6330.12
PL_1280,ProPlayer_280,League of Legends,LAN,18,34.5,0.72,3.36,340,20,5414,-577,9,2,3380.37
PL_1281,ProPlayer_281,LoL,EUW,33,49.3,0.44,3.19,176,48,3829,196,1,2,5211.08
PL_1282,ProPlayer_282,League of Legends,EUW,25,55.6,0.73,3.37,158,46,126294,2993,2,3,4265.24
PL_1283,ProPlayer_283,Dota 2,NA,18,38.6,0.51,4.09,256,5,77239,342,2,0,7760.23
PL_1284,ProPlayer_284,League of Legends,NA,23,29.6,0.71,3.26,250,47,71071,-185,8,1,
PL_1285,ProPlayer_285,valorant,BR,29,45.3,0.61,3.24,239,48,27855,4799,3,0,6554.31
PL_1286,ProPlayer_286,Valorant,BR,33,38.9,0.69,4.47,300,2,136551,-430,0,0,7788.05
PL_1287,ProPlayer_287,CS:GO,euw,30,49.8,0.74,3.77,205,9,18420,1473,0,4,4245.74
PL_1288,ProPlayer_288,CS:GO,LAN,17,26.1,0.5,2.83,253,4,21064,1911,6,3,3822.85
PL_1289,ProPlayer_289,Dota 2,na,25,58.5,0.74,3.62,232,45,61750,3964,6,4,6845.4
PL_1290,ProPlayer_290,LoL,KR,17,40.5,0.54,2.67,205,25,33726,-803,1,3,1437.55
PL_1291,ProPlayer_291,Valorant,EUW,32,64.9,0.53,2.19,247,20,28430,2623,8,0,5861.19
PL_1292,ProPlayer_292,League of Legends,LAN,23,45.8,0.52,3.29,293,44,103630,664,8,0,1849.36
PL_1293,ProPlayer_293,Valorant,euw,16,49.6,0.59,4.28,356,25,105260,2941,4,3,7444.82
PL_1294,ProPlayer_294,LoL,LAN,24,47.4,0.45,4.29,279,37,174021,640,2,0,
PL_1295,ProPlayer_295,League of Legends,na,26,39.7,0.59,2.53,124,43,54078,4358,2,0,4818.44
PL_1296,ProPlayer_296,Valorant,NA,31,87.1,0.59,3.08,248,25,7589,649,2,1,3551.5
PL_1297,ProPlayer_297,Apex Legends,euw,22,42.6,0.67,2.13,252,7,31974,-1693,5,4,1834.59
PL_1298,ProPlayer_298,Apex Legends,euw,25,65.4,0.69,4.49,297,4,391229,817,3,4,7531.72
PL_1299,ProPlayer_299,CS:GO,euw,18,33.6,0.55,4.44,259,14,90698,1608,7,4,4657.88
PL_1300,ProPlayer_300,League of Legends,EUW,33,55.6,0.51,3.45,313,15,123696,3624,4,2,11417.54
PL_1301,ProPlayer_301,Valorant,euw,28,57.2,0.49,3.91,270,0,738,112,0,1,3379.64
PL_1302,ProPlayer_302,CS:GO,euw,22,49.6,0.47,3.65,328,15,73023,142,8,4,3706.61
PL_1303,ProPlayer_303,LoL,na,19,41.4,0.42,3.28,228,36,3825,3441,0,4,3205.51
PL_1304,ProPlayer_304,Apex Legends,EUW,28,46.1,0.52,1.66,257,2,84218,-63,5,1,4647.68
PL_1305,ProPlayer_305,Apex Legends,euw,16,44,0.49,2.86,291,46,253541,1732,0,0,8150.44
PL_1306,ProPlayer_306,Apex Legends,euw,23,86,0.74,3.52,221,30,345520,1762,2,4,7020.27
PL_1307,ProPlayer_307,LoL,BR,29,49.7,0.6,3.53,210,12,77773,2326,9,0,1990.89
PL_1308,ProPlayer_308,LoL,KR,31,57.9,0.52,2.62,219,15,61286,875,4,4,7408.24
PL_1309,ProPlayer_309,CS:GO,BR,29,76.7,0.6,4.33,213,42,290073,610,9,3,6365.58
PL_1310,ProPlayer_310,Valorant,BR,27,36.9,0.45,2,276,20,111966,2502,6,2,5962.78
PL_1311,ProPlayer_311,CS:GO,euw,34,50.6,0.56,3,158,1,6710,656,9,4,3631.52
PL_1312,ProPlayer_312,League of Legends,NA,30,46,0.62,3.57,172,26,62684,-40,7,3,3780.18
PL_1313,ProPlayer_313,Valorant,LAN,17,48.7,0.57,3.59,343,37,27475,3842,8,1,5274.13
PL_1314,ProPlayer_314,LoL,NA,17,47.3,0.54,3.45,214,25,63450,2732,5,3,3893.67
PL_1315,ProPlayer_315,valorant,BR,34,39,0.75,2.33,260,37,60782,4651,8,1,7625.26
PL_1316,ProPlayer_316,Valorant,euw,32,52.9,0.71,1.97,176,45,87262,3176,7,4,3808.09
PL_1317,ProPlayer_317,Dota 2,NA,25,34.1,0.62,3.41,255,24,44125,98,8,1,1106.47
PL_1318,ProPlayer_318,valorant,LAN,21,64.8,0.6,3.3,214,10,17945,2145,9,3,2397.09
PL_1319,ProPlayer_319,valorant,BR,30,59.3,0.62,2.04,172,7,70061,477,3,2,2524.07
PL_1320,ProPlayer_320,League of Legends,euw,26,42.6,0.47,3.62,317,7,177315,-477,8,0,4473.3
PL_1321,ProPlayer_321,Apex Legends,NA,20,43.3,0.54,2.87,309,32,,1329,6,0,5432.13
PL_1322,ProPlayer_322,LoL,na,16,54.1,0.41,3.5,245,6,41304,3472,4,2,5107.6
PL_1323,ProPlayer_323,LoL,EUW,23,38,0.57,4.01,300,37,274144,2412,4,0,5921.82
PL_1324,ProPlayer_324,Dota 2,BR,27,77.2,0.59,2.01,345,20,243278,-86,0,4,4495.44
PL_1325,ProPlayer_325,Valorant,na,27,55.4,0.48,1.56,288,7,23489,1276,1,4,4566.19
PL_1326,ProPlayer_326,League of Legends,LAN,20,55.9,0.74,3.84,274,20,4021,1786,9,3,8503.72
PL_1327,ProPlayer_327,LoL,BR,22,60.2,0.72,3.33,260,19,135211,-534,2,3,7410.72
PL_1328,ProPlayer_328,Valorant,euw,19,41.3,0.65,3.6,282,7,175799,3070,7,1,5816.6
PL_1329,ProPlayer_329,League of Legends,LAN,21,66.3,0.59,4.01,232,45,343779,1657,5,3,6833.34
PL_1330,ProPlayer_330,Dota 2,BR,28,51.7,0.7,3.91,236,30,220578,-86,9,4,1147.57
PL_1331,ProPlayer_331,Valorant,NA,30,64.3,0.45,4.38,273,49,91762,-171,4,3,3354.92
PL_1332,ProPlayer_332,Dota 2,KR,18,47,0.68,3.11,226,28,75513,3651,0,0,4135.59
PL_1333,ProPlayer_333,CS:GO,LAN,23,69.8,0.44,2.97,232,47,2823,1429,8,1,3378.47
PL_1334,ProPlayer_334,Dota 2,NA,31,56,0.68,2.71,250,8,28323,3786,2,1,1908.53
PL_1335,ProPlayer_335,Apex Legends,NA,28,82.7,0.5,1.96,308,14,61547,4358,2,4,5841.09
PL_1336,ProPlayer_336,CS:GO,BR,33,44.5,0.71,3.22,193,29,99021,3534,1,3,7771.5
PL_1337,ProPlayer_337,Valorant,euw,25,53.1,0.73,2.33,288,25,81475,1200,3,0,4974.38
PL_1338,ProPlayer_338,valorant,NA,34,34.5,0.45,4.26,290,9,135726,-1747,1,3,6296.36
PL_1339,ProPlayer_339,League of Legends,EUW,32,42.1,0.56,3.25,289,28,32818,2469,8,2,4914.93
PL_1340,ProPlayer_340,League of Legends,LAN,34,59.3,0.74,3.28,210,15,83230,5137,9,3,4116.72
PL_1341,ProPlayer_341,CS:GO,euw,20,66.9,0.57,2.56,165,35,9227,1947,6,4,6838.39
PL_1342,ProPlayer_342,Apex Legends,BR,24,94.5,0.7,1.66,278,19,53386,-985,7,3,2143.62
PL_1343,ProPlayer_343,Valorant,na,27,48.6,0.61,1.6,259,44,138693,988,2,1,1273.19
PL_1344,ProPlayer_344,CS:GO,EUW,16,36,0.53,2.77,300,36,118221,1724,5,0,2115.4
PL_1345,ProPlayer_345,League of Legends,NA,16,61.3,0.5,1.75,215,21,467160,353,9,4,6707.18
PL_1346,ProPlayer_346,Valorant,euw,30,33.1,0.47,3.32,288,6,32557,-1846,5,2,5174.42
PL_1347,ProPlayer_347,Dota 2,KR,17,58.5,0.67,4.14,303,22,68953,1853,0,0,5753.08
PL_1348,ProPlayer_348,Valorant,BR,31,42.5,0.54,4.15,245,40,,823,5,0,8353.85
PL_1349,ProPlayer_349,LoL,KR,23,53.2,0.58,3.48,271,39,58089,4659,2,1,2673.32
PL_1350,ProPlayer_350,CS:GO,KR,28,66.4,0.57,2.13,269,28,194456,2152,2,1,7408.34
PL_1351,ProPlayer_351,valorant,na,16,48.3,0.6,4.09,209,15,115267,2704,2,1,4207.35
PL_1352,ProPlayer_352,Valorant,EUW,31,64,0.7,4.16,277,37,214081,1821,9,4,3903.28
PL_1353,ProPlayer_353,LoL,NA,22,63.1,0.74,2.09,331,27,22754,2141,9,3,5162.44
PL_1354,ProPlayer_354,League of Legends,na,20,22,0.54,3.71,251,47,206641,-478,7,0,5475.47
PL_1355,ProPlayer_355,Valorant,euw,18,36.5,0.69,2.36,177,37,,440,4,3,4578.92
PL_1356,ProPlayer_356,Valorant,na,27,26.6,0.67,3.91,216,30,219462,3633,3,3,6220.63
PL_1357,ProPlayer_357,CS:GO,EUW,31,80,0.6,4.49,161,13,39909,2314,8,1,5170.49
PL_1358,ProPlayer_358,Apex Legends,LAN,34,48.4,0.73,1.59,315,32,37773,1402,8,3,4601.34
PL_1359,ProPlayer_359,League of Legends,EUW,20,76.7,0.47,4.19,288,8,71762,2729,0,0,4167.43
PL_1360,ProPlayer_360,Dota 2,NA,29,25.5,0.44,3.37,225,26,282498,2759,1,0,5476.69
PL_1361,ProPlayer_361,Dota 2,LAN,20,41.4,0.7,4.42,179,23,4896,4986,7,2,2286.68
PL_1362,ProPlayer_362,Dota 2,euw,30,62,0.55,2.9,208,12,43422,2245,4,4,2851.07
PL_1363,ProPlayer_363,Dota 2,KR,32,52.7,0.7,4.04,218,25,194192,406,6,3,4265.1
PL_1364,ProPlayer_364,Dota 2,KR,29,58,0.71,1.69,255,28,50427,1826,0,4,6089.75
PL_1365,ProPlayer_365,League of Legends,LAN,20,31.2,0.42,2.51,254,48,,2911,9,4,9285.7
PL_1366,ProPlayer_366,LoL,LAN,27,70.7,0.71,1.7,317,42,,3493,4,4,4681.35
PL_1367,ProPlayer_367,Apex Legends,BR,31,61.7,0.56,4.43,215,27,48703,-423,2,4,1451.54
PL_1368,ProPlayer_368,Dota 2,EUW,31,56,0.58,3.95,175,27,247001,2381,9,0,3419.5
PL_1369,ProPlayer_369,Dota 2,euw,22,39.7,0.62,4.06,192,7,143520,654,1,3,6317.78
PL_1370,ProPlayer_370,LoL,EUW,19,54.9,0.72,4.31,249,22,70343,1150,1,2,3059.44
PL_1371,ProPlayer_371,LoL,BR,16,45.6,0.41,1.76,214,28,445421,3269,8,4,2388.51
PL_1372,ProPlayer_372,LoL,LAN,20,25.2,0.57,2.66,235,4,62600,3119,3,2,6307.34
PL_1373,ProPlayer_373,LoL,KR,25,49.2,0.64,1.71,227,41,6000,983,3,0,5929.76
PL_1374,ProPlayer_374,Dota 2,LAN,20,47.6,0.65,2.13,300,6,30418,1763,6,0,2054.92
PL_1375,ProPlayer_375,Apex Legends,EUW,19,65.9,0.64,2.19,221,41,57282,1196,9,1,3210.01
PL_1376,ProPlayer_376,Apex Legends,BR,17,16.5,0.45,2.91,231,35,,6338,9,4,7489.34
PL_1377,ProPlayer_377,League of Legends,euw,25,53.5,0.5,2.31,286,40,294818,2418,1,1,6705.69
PL_1378,ProPlayer_378,CS:GO,EUW,34,32.7,0.53,1.8,222,26,145606,741,2,2,2605.26
PL_1379,ProPlayer_379,Apex Legends,NA,16,54.8,0.68,2,271,45,31236,3983,2,3,1022.22
PL_1380,ProPlayer_380,LoL,KR,20,55.6,0.5,1.94,267,1,89356,4036,5,1,5537.04
PL_1381,ProPlayer_381,Valorant,NA,28,48.7,0.47,4.42,257,24,127815,4688,2,0,4407.86
PL_1382,ProPlayer_382,valorant,EUW,19,62.1,0.74,3.78,193,8,283495,5132,4,4,5363.48
PL_1383,ProPlayer_383,valorant,euw,31,31.3,0.4,4.4,311,26,213398,3062,3,2,6269.32
PL_1384,ProPlayer_384,valorant,BR,31,66.6,0.75,2.82,361,0,72400,1475,2,0,3087.46
PL_1385,ProPlayer_385,Dota 2,na,17,39.4,0.64,2.34,250,22,149011,1696,7,3,4135.71
PL_1386,ProPlayer_386,valorant,LAN,32,26.7,0.69,3.89,198,9,82586,1562,9,4,3201.88
PL_1387,ProPlayer_387,League of Legends,euw,27,45.9,0.5,2.48,251,41,80453,1394,2,3,3273.53
PL_1388,ProPlayer_388,valorant,EUW,33,18.6,0.41,2.4,299,24,12187,3860,5,3,6129.52
PL_1389,ProPlayer_389,Dota 2,BR,18,53.8,0.66,2.2,219,2,13483,2001,6,4,5288.14
PL_1390,ProPlayer_390,LoL,na,16,46.1,0.69,1.89,244,5,75403,3457,6,4,1874.12
PL_1391,ProPlayer_391,Valorant,EUW,16,68.5,0.66,2.27,267,5,31315,3015,1,3,6450.21
PL_1392,ProPlayer_392,Dota 2,na,34,59.7,0.45,2.57,310,1,2126,352,2,2,4299.86
PL_1393,ProPlayer_393,Apex Legends,EUW,26,29.1,0.66,3.52,289,17,128315,-576,9,4,6542.33
PL_1394,ProPlayer_394,League of Legends,BR,20,37.4,0.67,1.69,291,22,3302,145,9,0,2970.52
PL_1395,ProPlayer_395,Valorant,LAN,27,57.8,0.63,2.13,229,1,90455,1360,3,1,3148.62
PL_1396,ProPlayer_396,valorant,NA,18,62.7,0.67,3.93,270,11,77477,2201,6,2,5503.42
PL_1397,ProPlayer_397,LoL,na,16,68.3,0.7,1.94,214,21,,1028,1,4,2807.08
PL_1398,ProPlayer_398,LoL,KR,16,68.2,0.61,2.53,292,36,66206,3055,2,4,4450.24
PL_1399,ProPlayer_399,CS:GO,KR,23,48.7,0.43,4.09,308,19,6571,1208,6,2,2579.85
PL_1400,ProPlayer_400,CS:GO,na,25,55.4,0.57,1.96,278,38,80226,2385,6,1,4217.26
PL_1401,ProPlayer_401,LoL,euw,26,69.5,0.43,1.75,232,23,183945,2176,9,3,4936.29
PL_1402,ProPlayer_402,CS:GO,EUW,27,45.5,0.54,2.95,240,47,576012,4602,2,0,5030.52
PL_1403,ProPlayer_403,CS:GO,EUW,28,55.7,0.54,2.41,340,19,56272,537,0,4,4270.51
PL_1404,ProPlayer_404,CS:GO,KR,27,45.1,0.42,3.19,232,0,38610,5313,2,1,5666.7
PL_1405,ProPlayer_405,LoL,euw,29,41.7,0.52,3.91,302,0,237143,1108,4,0,5295.6
PL_1406,ProPlayer_406,valorant,BR,17,50.7,0.44,1.91,267,16,21225,-10,6,2,4821.27
PL_1407,ProPlayer_407,Apex Legends,BR,34,39.7,0.68,3.24,233,0,95562,1675,3,4,
PL_1408,ProPlayer_408,valorant,BR,33,48,0.73,3.02,183,44,52039,6860,0,3,7136.49
PL_1409,ProPlayer_409,League of Legends,LAN,18,34.5,0.43,1.93,261,29,4195,3343,5,2,5772.57
PL_1410,ProPlayer_410,Valorant,LAN,32,47.2,0.73,3.37,255,40,42662,2904,1,4,2927.78
PL_1411,ProPlayer_411,Dota 2,NA,23,56.7,0.58,2.32,340,46,30819,3193,2,1,6297.77
PL_1412,ProPlayer_412,Valorant,na,25,41.2,0.5,2.96,207,2,115865,846,3,0,6750.99
PL_1413,ProPlayer_413,Dota 2,NA,17,50.1,0.43,1.75,365,45,297183,2489,5,0,4836.87
PL_1414,ProPlayer_414,Valorant,LAN,34,52.1,0.58,2.88,269,10,31203,2004,5,4,4969.83
PL_1415,ProPlayer_415,LoL,NA,24,56.8,0.68,2.42,269,23,166847,4714,6,2,882.26
PL_1416,ProPlayer_416,valorant,KR,22,48,0.65,3.97,220,21,5695,1837,4,3,3313.12
PL_1417,ProPlayer_417,valorant,euw,19,66.3,0.42,1.67,266,43,77245,1433,6,1,6687.39
PL_1418,ProPlayer_418,Valorant,LAN,33,18.5,0.43,2.76,274,44,7316,253,1,4,3434.75
PL_1419,ProPlayer_419,CS:GO,NA,28,94.1,0.54,2.88,297,25,271860,2210,0,1,4680.32
PL_1420,ProPlayer_420,Apex Legends,EUW,26,36.9,0.5,3.68,201,12,145393,2439,9,0,3282.76
PL_1421,ProPlayer_421,CS:GO,LAN,19,56.1,0.48,3.22,320,0,107279,198,7,3,5461.63
PL_1422,ProPlayer_422,Valorant,EUW,19,35.9,0.5,3.5,268,23,173668,2680,0,1,5787.49
PL_1423,ProPlayer_423,Dota 2,na,25,59.7,0.68,3.83,280,9,104276,2350,1,4,5840.95
PL_1424,ProPlayer_424,Dota 2,na,20,54.1,0.73,4.09,239,34,347197,3520,9,3,2721.28
PL_1425,ProPlayer_425,LoL,NA,24,40.2,0.54,2.44,204,23,125161,3819,5,2,5213.4
PL_1426,ProPlayer_426,LoL,NA,18,66.1,0.72,3.11,254,27,258572,2141,0,4,8153.14
PL_1427,ProPlayer_427,CS:GO,BR,32,47.5,0.51,4.02,259,35,72801,445,9,1,6496.98
PL_1428,ProPlayer_428,Valorant,LAN,18,58.2,0.57,4.47,181,15,12450,754,2,3,5186.66
PL_1429,ProPlayer_429,LoL,NA,31,36.2,0.48,4.17,290,39,75115,4643,6,4,1138.05
PL_1430,ProPlayer_430,valorant,BR,19,49.5,0.62,2.61,300,15,13567,2248,7,3,4501.29
PL_1431,ProPlayer_431,Apex Legends,KR,33,80.1,0.74,2.09,214,16,89769,4619,3,3,8292.73
PL_1432,ProPlayer_432,Dota 2,LAN,32,64.4,0.61,2.97,199,14,,2748,2,3,7637.21
PL_1433,ProPlayer_433,LoL,LAN,22,54.6,0.53,3.72,235,15,97438,3131,0,1,5922.84
PL_1434,ProPlayer_434,League of Legends,LAN,20,43.3,0.63,2.98,251,14,1009,3408,8,4,3561.34
PL_1435,ProPlayer_435,Valorant,euw,27,51,0.44,2.95,237,33,21671,165,9,0,5104.56
PL_1436,ProPlayer_436,League of Legends,KR,32,53,0.71,4.01,247,10,67595,2460,5,0,6546.96
PL_1437,ProPlayer_437,Dota 2,BR,28,56.7,0.58,2.58,261,0,300585,145,5,1,6881.08
PL_1438,ProPlayer_438,CS:GO,NA,18,33.9,0.56,4.08,182,14,48387,1573,8,1,5625.24
PL_1439,ProPlayer_439,Valorant,EUW,24,60,0.61,2.72,187,25,55229,2960,0,3,6710.08
PL_1440,ProPlayer_440,CS:GO,euw,32,33.7,0.62,2.48,114,3,125420,462,5,4,4882.61
PL_1441,ProPlayer_441,League of Legends,NA,32,74.5,0.43,2.86,297,42,92581,2839,4,4,4794.19
PL_1442,ProPlayer_442,valorant,EUW,31,38.4,0.64,3.79,251,4,35514,-248,5,2,4082.17
PL_1443,ProPlayer_443,Dota 2,KR,28,54.4,0.48,1.88,302,34,52901,3715,7,2,5849.07
PL_1444,ProPlayer_444,valorant,na,34,65.1,0.65,2.09,193,12,24551,1003,4,0,7000.68
PL_1445,ProPlayer_445,League of Legends,na,32,46.2,0.69,4.35,251,9,338202,459,1,2,6416.89
PL_1446,ProPlayer_446,Valorant,NA,19,55.1,0.68,2.03,261,10,13999,-153,1,2,2563.93
PL_1447,ProPlayer_447,Apex Legends,na,27,71.5,0.59,3.2,222,17,46495,1131,9,0,2671.05
PL_1448,ProPlayer_448,CS:GO,EUW,24,58.5,0.58,3.24,172,33,2617,-861,4,0,7207.28
PL_1449,ProPlayer_449,valorant,EUW,34,55.3,0.45,2.97,337,38,25074,1177,2,2,5353.15
PL_1450,ProPlayer_450,League of Legends,LAN,27,24.7,0.67,3.43,320,40,151627,3649,9,4,5431.3
PL_1451,ProPlayer_451,Dota 2,NA,24,36,0.49,2.19,231,41,22461,1717,2,2,5386.23
PL_1452,ProPlayer_452,valorant,NA,22,65.7,0.57,3.16,276,49,8345,234,7,3,8503.28
PL_1453,ProPlayer_453,League of Legends,na,29,58.5,0.5,2.62,226,22,64331,2339,6,3,4107.43
PL_1454,ProPlayer_454,CS:GO,EUW,34,60.8,0.45,3.49,200,6,1001,2207,0,3,7233.27
PL_1455,ProPlayer_455,League of Legends,LAN,30,59.5,0.62,1.92,341,38,8857,4935,4,1,5467.21
PL_1456,ProPlayer_456,Apex Legends,EUW,31,69.3,0.42,3.21,167,2,164831,3186,8,3,1798.97
PL_1457,ProPlayer_457,Apex Legends,EUW,20,46.1,0.66,2.06,236,11,147610,2458,3,4,3350.3
PL_1458,ProPlayer_458,League of Legends,euw,18,51.8,0.51,2.34,254,6,246673,3358,0,1,3785.94
PL_1459,ProPlayer_459,League of Legends,BR,27,34.6,0.4,2.16,333,48,192768,1798,7,1,7186.22
PL_1460,ProPlayer_460,Dota 2,EUW,19,30.8,0.58,2.05,295,25,114940,1887,4,3,7454.6
PL_1461,ProPlayer_461,LoL,na,31,25.3,0.42,3.98,166,32,5375,4488,1,2,5707.71
PL_1462,ProPlayer_462,valorant,NA,22,36.7,0.5,2.36,250,36,152716,-453,0,0,3954.45
PL_1463,ProPlayer_463,Valorant,EUW,28,73.3,0.65,4.28,251,47,186763,3452,2,2,3178.04
PL_1464,ProPlayer_464,LoL,BR,25,26.7,0.42,4.41,239,14,160485,1834,8,2,
PL_1465,ProPlayer_465,Valorant,na,22,45.4,0.69,3.21,281,1,,1563,0,1,2430.9
PL_1466,ProPlayer_466,Dota 2,euw,29,30.6,0.4,1.93,180,40,26514,1171,3,1,4792.22
PL_1467,ProPlayer_467,CS:GO,LAN,20,41,0.49,2.62,230,6,186646,2231,7,1,9728.94
PL_1468,ProPlayer_468,Apex Legends,NA,18,52.5,0.66,3.89,274,31,129888,1935,7,4,
PL_1469,ProPlayer_469,valorant,BR,26,39.5,0.51,2.6,284,3,395082,1378,9,4,2456.6
PL_1470,ProPlayer_470,Apex Legends,KR,26,66.3,0.44,1.76,257,19,16923,946,7,0,1469.08
PL_1471,ProPlayer_471,valorant,euw,33,73,0.53,3.17,236,49,25575,-858,9,1,9808.01
PL_1472,ProPlayer_472,Apex Legends,BR,30,16.3,0.49,4.04,244,35,23800,914,7,3,5697.25
PL_1473,ProPlayer_473,valorant,na,27,39.8,0.69,3.89,287,31,157281,1232,3,1,3261.85
PL_1474,ProPlayer_474,CS:GO,euw,24,50.9,0.51,2.03,252,27,20691,2227,7,4,4621.73
PL_1475,ProPlayer_475,LoL,euw,25,66.9,0.68,3.52,198,12,6898,4945,8,1,3674.09
PL_1476,ProPlayer_476,Valorant,BR,27,43.2,0.71,2.16,188,0,654367,1076,6,4,1272.89
PL_1477,ProPlayer_477,League of Legends,NA,32,49.7,0.55,2.15,176,34,2513,464,1,1,6576.23
PL_1478,ProPlayer_478,Dota 2,BR,21,32.6,0.72,4.12,323,47,180329,928,8,3,5067.63
PL_1479,ProPlayer_479,Dota 2,na,22,27,0.53,2.25,290,29,45470,2230,7,0,6409.97
PL_1480,ProPlayer_480,Apex Legends,KR,29,71.7,0.74,2.29,245,35,184272,2883,4,3,5013.1
PL_1481,ProPlayer_481,Valorant,euw,28,22.6,0.43,1.5,227,24,80882,3093,2,4,5262.49
PL_1482,ProPlayer_482,valorant,na,23,84.9,0.64,4.11,221,15,231903,3242,6,2,530.36
PL_1483,ProPlayer_483,LoL,LAN,25,60.9,0.57,3.88,305,18,260630,3454,1,3,6815.7
PL_1484,ProPlayer_484,Apex Legends,BR,24,60.2,0.54,3.38,345,0,913,1582,2,1,2823.38
PL_1485,ProPlayer_485,LoL,NA,33,58.6,0.62,3.75,220,4,7840,5080,8,0,3335.83
PL_1486,ProPlayer_486,valorant,euw,17,46.2,0.65,1.96,307,21,28816,1468,3,1,3944.26
PL_1487,ProPlayer_487,Apex Legends,NA,20,55.9,0.4,2.87,251,23,110659,2164,3,1,882.63
PL_1488,ProPlayer_488,LoL,na,20,47.2,0.46,2.55,239,42,219168,3944,2,3,3834.89
PL_1489,ProPlayer_489,Valorant,NA,21,58.3,0.65,1.78,325,44,61607,2850,4,0,3695.63
PL_1490,ProPlayer_490,Apex Legends,euw,34,49.5,0.63,2.96,249,36,93387,-1361,2,2,4244.33
PL_1491,ProPlayer_491,CS:GO,BR,23,35.7,0.74,4.26,265,35,20887,2008,8,1,1597.64
PL_1492,ProPlayer_492,valorant,na,31,36.9,0.67,1.62,262,35,163458,3293,2,0,6855.42
PL_1493,ProPlayer_493,valorant,EUW,28,35.2,0.73,2.37,169,3,,-15,1,2,5796.11
PL_1494,ProPlayer_494,LoL,NA,16,64.6,0.65,2.12,264,35,31279,3126,4,1,3271.92
PL_1495,ProPlayer_495,valorant,NA,32,40.7,0.5,2.21,222,17,68285,2585,5,0,3836.91
PL_1496,ProPlayer_496,CS:GO,KR,22,21.3,0.44,4.23,179,49,9005,3776,0,3,6676.3
PL_1497,ProPlayer_497,LoL,LAN,28,56,0.67,2.9,224,15,81902,962,5,1,4485.05
PL_1498,ProPlayer_498,valorant,NA,19,72.7,0.63,2.9,224,40,69872,3494,9,1,2518.93
PL_1499,ProPlayer_499,League of Legends,BR,19,61.6,0.42,3.78,301,17,15599,2239,2,0,4832.82
PL_1500,ProPlayer_500,League of Legends,NA,21,41,0.53,1.96,197,21,58351,4649,3,1,2824.31
PL_1501,ProPlayer_501,League of Legends,EUW,34,26.2,0.73,2.96,211,1,,6179,5,2,3584.25
PL_1502,ProPlayer_502,valorant,LAN,27,48,0.58,2.79,262,20,73779,4307,7,1,
PL_1503,ProPlayer_503,CS:GO,na,22,47.6,0.55,3.29,184,35,88105,2721,8,4,7110.42
PL_1504,ProPlayer_504,Apex Legends,EUW,25,35.5,0.56,4.5,217,43,853,5482,5,2,9046.65
PL_1505,ProPlayer_505,LoL,EUW,34,58.3,0.47,3.81,167,38,143131,2905,6,0,7725.23
PL_1506,ProPlayer_506,League of Legends,euw,22,77.7,0.53,2.69,296,46,124832,638,4,2,4856.29
PL_1507,ProPlayer_507,LoL,EUW,18,53.3,0.53,3.98,235,38,45615,1941,8,4,9514.7
PL_1508,ProPlayer_508,CS:GO,BR,28,52.4,0.42,2.01,249,28,5438,3143,3,4,6116.54
PL_1509,ProPlayer_509,Dota 2,na,28,35.9,0.67,1.59,296,25,140622,3239,9,1,3040.62
PL_1510,ProPlayer_510,League of Legends,NA,33,71,0.55,2.11,214,20,310499,312,5,1,5189.1
PL_1511,ProPlayer_511,Dota 2,NA,23,48.9,0.69,2.52,234,16,27463,360,4,3,3686.17
PL_1512,ProPlayer_512,Dota 2,EUW,24,41.3,0.7,3.03,197,15,,1488,0,2,2504.19
PL_1513,ProPlayer_513,valorant,NA,22,51,0.47,3.35,197,30,20311,2802,4,3,2651.55
PL_1514,ProPlayer_514,Dota 2,euw,16,57.1,0.63,4.23,204,8,86023,2994,4,4,4705.53
PL_1515,ProPlayer_515,CS:GO,euw,18,52.1,0.57,3.03,225,30,16823,2212,8,1,6508.41
PL_1516,ProPlayer_516,LoL,na,28,68.1,0.71,3,231,13,44035,748,0,1,7136.41
PL_1517,ProPlayer_517,LoL,EUW,32,55.8,0.48,1.65,264,48,119406,4605,4,1,2510.56
PL_1518,ProPlayer_518,Valorant,na,16,45.7,0.64,1.6,205,36,82124,392,6,0,4393.48
PL_1519,ProPlayer_519,Dota 2,EUW,21,56,0.61,3.15,266,1,48851,3954,5,4,5973.18
PL_1520,ProPlayer_520,valorant,NA,21,57.5,0.5,2.81,274,47,54515,3108,5,1,5303.72
PL_1521,ProPlayer_521,valorant,NA,27,30.6,0.45,4.02,227,45,82578,3920,6,4,6389.09
PL_1522,ProPlayer_522,LoL,EUW,28,67.2,0.63,1.98,210,13,588,1333,5,1,4130.61
PL_1523,ProPlayer_523,Dota 2,LAN,28,45.5,0.66,1.57,254,32,8176,1786,4,2,7545.83
PL_1524,ProPlayer_524,Apex Legends,na,30,45.9,0.51,2.85,240,34,213080,2083,9,4,4991.52
PL_1525,ProPlayer_525,Dota 2,euw,31,61.3,0.63,2.21,261,38,8107,1285,4,3,6515.45
PL_1526,ProPlayer_526,valorant,LAN,26,61.2,0.54,1.65,328,46,122691,2338,8,0,4238.45
PL_1527,ProPlayer_527,LoL,euw,20,39.5,0.65,3.67,253,19,252620,4369,7,3,5116.78
PL_1528,ProPlayer_528,Dota 2,na,19,62,0.47,1.83,218,1,31564,55,9,4,1807.95
PL_1529,ProPlayer_529,LoL,euw,18,41.6,0.71,3.32,205,40,46281,1014,3,1,3326.49
PL_1530,ProPlayer_530,Dota 2,LAN,34,77.3,0.5,2.34,207,18,84146,851,3,4,4585.07
PL_1531,ProPlayer_531,Dota 2,NA,33,37.6,0.53,2.02,177,36,213460,1858,9,0,5200.12
PL_1532,ProPlayer_532,League of Legends,LAN,30,53.6,0.42,2.64,297,17,284568,1797,4,4,10362.4
PL_1533,ProPlayer_533,CS:GO,na,24,38.3,0.44,3.9,138,15,134539,3158,2,1,4236.2
PL_1534,ProPlayer_534,valorant,BR,32,83.3,0.58,2.68,274,3,9060,2051,7,3,2246.72
PL_1535,ProPlayer_535,valorant,EUW,29,31.4,0.49,3.75,207,11,110610,2454,6,2,8404.97
PL_1536,ProPlayer_536,Valorant,NA,30,57.9,0.69,1.88,224,28,52814,2598,4,3,7157.68
PL_1537,ProPlayer_537,League of Legends,BR,16,39,0.41,3.82,205,6,63620,2368,9,1,2686.98
PL_1538,ProPlayer_538,valorant,NA,18,44.7,0.53,2.21,322,13,5039,3055,2,1,5930.52
PL_1539,ProPlayer_539,LoL,NA,31,56.8,0.52,3.53,251,11,21203,1817,4,0,6670.41
PL_1540,ProPlayer_540,valorant,EUW,26,68.4,0.41,3.2,290,34,156309,4470,2,4,5327.65
PL_1541,ProPlayer_541,Apex Legends,euw,27,74.4,0.44,4.29,315,4,60506,5812,9,4,5651.64
PL_1542,ProPlayer_542,Apex Legends,BR,25,26.9,0.54,2.66,258,16,35905,3059,4,3,3735.49
PL_1543,ProPlayer_543,Apex Legends,KR,31,54,0.57,1.7,190,41,48453,2342,0,2,6007.58
PL_1544,ProPlayer_544,valorant,euw,23,71.9,0.54,1.56,239,31,192688,2937,5,2,4017.29
PL_1545,ProPlayer_545,LoL,EUW,21,24.7,0.59,3.98,213,9,,348,9,0,-290.79
PL_1546,ProPlayer_546,LoL,euw,27,54.7,0.61,3.07,225,42,31788,2270,3,1,5392.53
PL_1547,ProPlayer_547,Dota 2,BR,23,50,0.4,3.83,245,16,12499,903,3,0,1648.1
PL_1548,ProPlayer_548,League of Legends,EUW,19,56.2,0.56,2.2,243,4,29034,2765,7,4,7026.99
PL_1549,ProPlayer_549,League of Legends,euw,23,38.4,0.74,2.54,271,44,253522,910,1,1,2738.36
PL_1550,ProPlayer_550,Valorant,LAN,33,28.5,0.58,1.59,278,41,87129,1483,3,0,93.99
PL_1551,ProPlayer_551,CS:GO,KR,20,21.3,0.64,4.38,243,8,76245,-808,1,3,1461.42
PL_1552,ProPlayer_552,Apex Legends,NA,24,64.6,0.51,3.5,270,48,90731,240,0,4,4917.05
PL_1553,ProPlayer_553,valorant,LAN,19,66.6,0.67,4.3,223,32,,2532,9,2,5373.02
PL_1554,ProPlayer_554,Dota 2,KR,32,54.5,0.67,2.3,316,35,164561,697,2,0,2174.73
PL_1555,ProPlayer_555,Apex Legends,euw,24,42,0.58,3.33,222,35,74083,3596,7,4,2855.22
PL_1556,ProPlayer_556,League of Legends,NA,16,25.7,0.74,3.54,310,17,12414,569,5,4,4983.86
PL_1557,ProPlayer_557,LoL,na,28,58.5,0.44,2.45,176,8,,2680,6,2,6944.46
PL_1558,ProPlayer_558,LoL,KR,31,33.5,0.41,4.04,231,28,76972,857,1,2,2579.84
PL_1559,ProPlayer_559,Apex Legends,LAN,28,39.3,0.67,4.34,233,49,275782,2578,5,2,5758.35
PL_1560,ProPlayer_560,CS:GO,KR,29,41.2,0.68,4.15,264,13,36867,-302,7,0,1522.62
PL_1561,ProPlayer_561,CS:GO,NA,18,47,0.44,3.72,293,24,203669,1320,7,2,5631.78
PL_1562,ProPlayer_562,League of Legends,LAN,21,38.6,0.49,2.33,188,14,144432,731,3,3,6511.58
PL_1563,ProPlayer_563,League of Legends,BR,33,50.5,0.41,2.34,195,5,28476,3325,5,4,6048.41
PL_1564,ProPlayer_564,Apex Legends,KR,34,40.7,0.5,4.39,180,41,3701,2693,4,2,6988.8
PL_1565,ProPlayer_565,LoL,BR,20,60.5,0.67,1.53,316,28,10741,151,8,4,6855.48
PL_1566,ProPlayer_566,LoL,LAN,30,65.5,0.58,3.65,265,14,130377,1695,7,1,8693.86
PL_1567,ProPlayer_567,Apex Legends,euw,17,51.6,0.52,3.62,196,28,22273,842,1,1,5217.24
PL_1568,ProPlayer_568,Apex Legends,EUW,25,56.9,0.53,3.37,228,3,46405,3425,6,2,8699.78
PL_1569,ProPlayer_569,Dota 2,na,33,81.8,0.4,4.47,309,17,69655,3907,6,4,3111.8
PL_1570,ProPlayer_570,valorant,LAN,28,32.4,0.5,2.44,236,49,129268,-162,0,1,4589.32
PL_1571,ProPlayer_571,Dota 2,EUW,20,31.5,0.63,2.52,233,48,12017,3240,0,2,4769.99
PL_1572,ProPlayer_572,Dota 2,LAN,16,60.4,0.74,1.74,211,43,52149,765,3,4,2914.43
PL_1573,ProPlayer_573,LoL,EUW,16,79.2,0.7,2.83,199,38,66372,1621,4,2,278.68
PL_1574,ProPlayer_574,Valorant,KR,33,46.1,0.41,2.28,309,15,77832,2048,3,4,6738.6
PL_1575,ProPlayer_575,Apex Legends,EUW,30,75.9,0.71,2.53,334,10,170573,4725,6,1,3140.13
PL_1576,ProPlayer_576,valorant,KR,32,51.4,0.67,4,201,13,18835,494,2,2,4198.34
PL_1577,ProPlayer_577,LoL,LAN,26,39.8,0.67,4.31,320,2,164938,3252,6,1,8169.17
PL_1578,ProPlayer_578,CS:GO,NA,32,35.1,0.56,2.06,226,49,118051,243,7,2,6144.17
PL_1579,ProPlayer_579,League of Legends,BR,28,59.4,0.54,2.62,277,41,81163,139,5,0,8480.42
PL_1580,ProPlayer_580,CS:GO,EUW,16,36.3,0.51,4.29,321,37,120240,2043,5,1,5241.06
PL_1581,ProPlayer_581,Valorant,LAN,17,51.2,0.42,1.69,243,44,53105,2033,7,1,6110.99
PL_1582,ProPlayer_582,Valorant,euw,24,73.8,0.48,1.78,234,41,14896,-2248,7,3,4518.66
PL_1583,ProPlayer_583,valorant,KR,18,45.4,0.49,1.99,290,17,109591,3739,6,1,3302.61
PL_1584,ProPlayer_584,LoL,NA,16,69.7,0.57,3.29,195,19,74375,-1209,5,4,6103.59
PL_1585,ProPlayer_585,CS:GO,euw,31,31.8,0.66,1.95,307,47,101991,1781,5,2,4128.2
PL_1586,ProPlayer_586,League of Legends,NA,21,42,0.57,4.4,257,24,41248,3991,9,0,6289.04
PL_1587,ProPlayer_587,Dota 2,KR,32,28.9,0.42,2.84,221,37,237372,5314,5,4,3859.06
PL_1588,ProPlayer_588,League of Legends,BR,20,51.1,0.74,3,220,12,,1455,7,4,4649.23
PL_1589,ProPlayer_589,Dota 2,NA,20,61.7,0.73,2.24,181,3,8927,-149,0,4,4809.43
PL_1590,ProPlayer_590,League of Legends,euw,21,51.1,0.67,2.91,223,13,59748,3936,4,4,7153.93
PL_1591,ProPlayer_591,Valorant,na,18,68.4,0.75,3.49,237,32,141204,3298,2,0,4151.3
PL_1592,ProPlayer_592,League of Legends,KR,20,38.8,0.59,3.75,197,27,158053,1267,7,3,7373.98
PL_1593,ProPlayer_593,Valorant,KR,20,53.4,0.74,3.76,248,36,68239,1076,5,1,3190.3
PL_1594,ProPlayer_594,Valorant,euw,25,42.1,0.43,3.23,274,7,225139,924,1,4,5539.72
PL_1595,ProPlayer_595,Valorant,KR,25,55.4,0.53,4.21,239,43,31152,1483,6,1,3624.8
PL_1596,ProPlayer_596,League of Legends,euw,34,57.6,0.48,3.95,283,33,52864,2474,6,1,7231.49
PL_1597,ProPlayer_597,LoL,EUW,32,58.7,0.47,3.77,210,43,228865,1151,4,4,3362.67
PL_1598,ProPlayer_598,Dota 2,KR,29,33.9,0.45,1.67,300,4,226583,1341,7,3,3566.53
PL_1599,ProPlayer_599,valorant,na,24,36.7,0.62,1.52,256,4,115744,2962,4,1,2487.4
PL_1600,ProPlayer_600,LoL,EUW,29,39.4,0.67,2.14,327,30,195885,-224,0,2,5206.08
PL_1601,ProPlayer_601,valorant,LAN,16,46.4,0.6,3.49,371,44,9296,1436,8,1,6182.1
PL_1602,ProPlayer_602,LoL,euw,34,51.3,0.45,2.73,226,8,200244,-514,3,4,5966.26
PL_1603,ProPlayer_603,League of Legends,LAN,28,60.6,0.68,2.71,229,41,38657,2163,1,0,4711.52
PL_1604,ProPlayer_604,Apex Legends,EUW,28,37.3,0.62,4.15,238,31,19641,-909,3,1,3678.92
PL_1605,ProPlayer_605,Valorant,NA,19,26,0.54,4.19,280,32,,3335,8,3,4442.64
PL_1606,ProPlayer_606,Valorant,LAN,16,82.3,0.64,4.23,316,2,54123,28,1,2,4518.94
PL_1607,ProPlayer_607,Dota 2,LAN,32,33,0.49,2.44,217,29,28927,-659,3,2,5505.22
PL_1608,ProPlayer_608,CS:GO,na,23,62.5,0.52,3.57,269,49,38649,1455,1,0,5367.71
PL_1609,ProPlayer_609,LoL,BR,17,50.5,0.72,2.31,243,11,14500,4567,4,0,8479.44
PL_1610,ProPlayer_610,LoL,EUW,23,53.8,0.5,2.07,281,28,35122,3067,2,1,5079.27
PL_1611,ProPlayer_611,LoL,EUW,22,50,0.56,2.05,325,2,84929,-883,9,4,5721.6
PL_1612,ProPlayer_612,CS:GO,KR,17,44.2,0.71,2.53,238,25,58313,-15,1,3,5142.91
PL_1613,ProPlayer_613,LoL,BR,18,57,0.65,2.79,167,29,42574,1407,8,2,4346.53
PL_1614,ProPlayer_614,Apex Legends,na,33,43.4,0.42,3.99,287,8,137220,5358,4,0,5708.15
PL_1615,ProPlayer_615,Valorant,EUW,27,67.5,0.45,1.86,208,25,223970,592,9,3,4158.68
PL_1616,ProPlayer_616,Valorant,euw,16,58.5,0.4,3.7,243,1,141382,604,4,4,4883.57
PL_1617,ProPlayer_617,Apex Legends,EUW,27,59,0.62,3.09,289,2,40346,4291,0,2,7318.54
PL_1618,ProPlayer_618,Dota 2,BR,20,42.4,0.56,2.36,265,45,136430,2292,5,2,4029.28
PL_1619,ProPlayer_619,CS:GO,NA,32,46.5,0.45,2.98,245,3,16485,3580,6,4,5774.69
PL_1620,ProPlayer_620,CS:GO,na,31,32.2,0.74,2.4,221,24,13962,909,0,2,37.3
PL_1621,ProPlayer_621,valorant,euw,30,44.7,0.59,3.29,105,12,42407,1848,8,4,4629.31
PL_1622,ProPlayer_622,valorant,euw,30,34.5,0.48,2.8,285,38,164871,3973,7,2,4015.76
PL_1623,ProPlayer_623,CS:GO,euw,20,69.7,0.58,1.99,237,43,28282,1783,7,1,5240.52
PL_1624,ProPlayer_624,League of Legends,euw,29,50.8,0.64,1.85,326,34,6534,3685,6,4,4527.53
PL_1625,ProPlayer_625,LoL,euw,17,52.6,0.43,3.14,270,22,14122,2581,4,3,5283.04
PL_1626,ProPlayer_626,LoL,na,26,46.6,0.5,4.21,223,8,195718,441,2,1,4242.67
PL_1627,ProPlayer_627,LoL,LAN,34,53,0.68,2.53,303,1,100453,1976,8,3,5772.67
PL_1628,ProPlayer_628,valorant,na,22,87,0.56,3.7,308,40,29195,3472,6,2,1570.72
PL_1629,ProPlayer_629,CS:GO,na,21,45.5,0.59,3.48,239,43,81034,3004,9,3,5222.82
PL_1630,ProPlayer_630,valorant,NA,17,40.2,0.55,4.29,310,30,74988,1940,9,1,3125.84
PL_1631,ProPlayer_631,valorant,na,21,57.9,0.42,3.96,222,43,106547,-838,7,4,7335.73
PL_1632,ProPlayer_632,LoL,EUW,33,12.1,0.46,3.2,258,46,26551,-694,5,0,3093.57
PL_1633,ProPlayer_633,LoL,euw,17,51,0.56,3.47,279,1,199806,-375,4,3,6990.44
PL_1634,ProPlayer_634,LoL,na,33,44.4,0.47,4.2,289,31,37014,1234,7,0,4976.93
PL_1635,ProPlayer_635,League of Legends,KR,30,35.1,0.42,2.7,281,17,118460,1434,2,3,1342.47
PL_1636,ProPlayer_636,valorant,KR,34,57.6,0.7,2.48,233,12,1625,-213,6,3,3247.47
PL_1637,ProPlayer_637,League of Legends,LAN,17,50.8,0.74,1.53,305,45,46626,3534,1,4,6695.6
PL_1638,ProPlayer_638,LoL,euw,21,23,0.68,3.98,244,4,43341,104,2,2,6582.02
PL_1639,ProPlayer_639,Valorant,euw,16,40.3,0.7,3.9,222,41,78413,-56,1,1,2401.3
PL_1640,ProPlayer_640,Valorant,KR,30,6.7,0.48,1.81,222,43,7551,2132,4,1,8125.71
PL_1641,ProPlayer_641,Apex Legends,euw,25,54.4,0.74,3.23,347,9,156127,3461,6,1,4950.87
PL_1642,ProPlayer_642,valorant,LAN,34,54.2,0.47,2.89,213,42,24562,5082,9,2,6769.69
PL_1643,ProPlayer_643,Valorant,BR,32,38.1,0.73,1.86,315,24,113022,2874,9,0,2576.32
PL_1644,ProPlayer_644,CS:GO,KR,20,58.1,0.75,4.44,193,33,162562,4370,0,1,4088.1
PL_1645,ProPlayer_645,CS:GO,KR,19,30.8,0.65,2.14,274,36,82525,182,9,0,5831.81
PL_1646,ProPlayer_646,Valorant,BR,25,35.5,0.74,1.7,265,29,135047,5240,8,2,4373.67
PL_1647,ProPlayer_647,Dota 2,KR,32,56.3,0.6,3.28,331,6,108429,-792,0,2,-841.58
PL_1648,ProPlayer_648,Valorant,euw,25,39.7,0.49,3.72,217,5,43932,1244,0,4,4618.44
PL_1649,ProPlayer_649,Valorant,KR,32,49.1,0.55,1.6,203,2,165474,2841,9,1,1070.6
PL_1650,ProPlayer_650,League of Legends,BR,20,41.5,0.61,3.48,244,12,34913,-408,7,4,2858.61
PL_1651,ProPlayer_651,LoL,BR,17,43.8,0.43,3.1,333,2,84679,609,5,1,2194.26
PL_1652,ProPlayer_652,Valorant,na,21,44.5,0.62,1.81,206,25,136805,371,5,2,7265.11
PL_1653,ProPlayer_653,CS:GO,euw,17,39.4,0.74,2.02,121,23,47635,1535,8,2,7892.71
PL_1654,ProPlayer_654,League of Legends,LAN,28,54.5,0.47,3.2,253,5,36063,4132,3,3,5683.13
PL_1655,ProPlayer_655,Dota 2,NA,26,40.6,0.68,2.39,297,42,61497,2025,7,3,4539.86
PL_1656,ProPlayer_656,Apex Legends,euw,26,50.2,0.72,4.31,199,48,170354,1305,3,2,5056.68
PL_1657,ProPlayer_657,League of Legends,LAN,31,39.1,0.73,3.96,292,41,265814,-2326,1,2,7263.71
PL_1658,ProPlayer_658,Dota 2,euw,26,27,0.74,4.45,198,11,78764,2700,7,0,1033.14
PL_1659,ProPlayer_659,Valorant,na,34,63.7,0.58,2.28,243,48,108313,3185,6,0,2849.8
PL_1660,ProPlayer_660,Valorant,na,30,57.5,0.74,4.41,288,35,233586,-550,3,4,7008.08
PL_1661,ProPlayer_661,Apex Legends,euw,31,84.3,0.67,2.79,191,1,10374,1900,8,3,
PL_1662,ProPlayer_662,LoL,LAN,26,34.3,0.46,2.54,259,10,26406,2290,8,3,6179.44
PL_1663,ProPlayer_663,League of Legends,KR,31,46.9,0.57,1.65,311,38,123408,3447,7,2,2910.06
PL_1664,ProPlayer_664,Dota 2,na,23,48.1,0.65,1.66,274,33,173582,913,0,2,6979.1
PL_1665,ProPlayer_665,valorant,EUW,19,64.8,0.49,3.58,214,25,194511,687,6,4,7722.87
PL_1666,ProPlayer_666,Valorant,na,23,42.4,0.62,2.87,326,17,53632,1315,4,3,6436.5
PL_1667,ProPlayer_667,valorant,EUW,19,32.4,0.63,2.18,283,20,9358,3927,6,0,11.98
PL_1668,ProPlayer_668,Valorant,KR,18,68.1,0.46,3.34,157,35,57586,3566,8,1,5249.19
PL_1669,ProPlayer_669,valorant,EUW,18,45.3,0.6,2.26,293,39,26231,1968,1,4,6170.48
PL_1670,ProPlayer_670,Apex Legends,NA,33,63.2,0.67,3.23,221,45,34417,3530,3,1,3968.77
PL_1671,ProPlayer_671,LoL,euw,34,61.4,0.57,2.58,260,43,147958,-1553,3,0,5373.35
PL_1672,ProPlayer_672,Dota 2,KR,34,49.6,0.4,3.97,300,21,7853,3187,1,0,3973.08
PL_1673,ProPlayer_673,Valorant,NA,20,47.4,0.4,3.96,223,29,175782,322,2,1,3276.81
PL_1674,ProPlayer_674,CS:GO,EUW,33,44.1,0.52,2.93,168,49,55803,4651,7,4,8021.18
PL_1675,ProPlayer_675,League of Legends,EUW,25,49.8,0.72,2.55,325,42,90649,404,8,1,5430.14
PL_1676,ProPlayer_676,Apex Legends,LAN,21,62.9,0.48,2.59,308,29,9392,721,5,4,2788.04
PL_1677,ProPlayer_677,LoL,NA,16,38.1,0.62,3.92,246,7,41152,2844,9,4,2246.8
PL_1678,ProPlayer_678,Valorant,na,20,51.6,0.48,2.48,293,33,9398,2988,1,2,3278.04
PL_1679,ProPlayer_679,Valorant,EUW,24,33.2,0.51,2.13,232,46,325823,1331,1,3,3288.85
PL_1680,ProPlayer_680,valorant,NA,27,35.1,0.7,1.75,255,8,,2557,6,3,5293.06
PL_1681,ProPlayer_681,valorant,NA,29,49.5,0.66,2.9,243,19,61550,2743,7,0,5971.11
PL_1682,ProPlayer_682,Valorant,NA,17,20.6,0.43,2.95,234,39,25309,2590,7,2,5968.97
PL_1683,ProPlayer_683,Dota 2,LAN,32,80.9,0.55,4.02,268,24,270987,1393,5,3,3499.78
PL_1684,ProPlayer_684,League of Legends,na,29,32.1,0.41,2.16,190,18,42250,2758,9,4,6841.26
PL_1685,ProPlayer_685,valorant,euw,28,49.4,0.57,2.64,237,4,17552,4110,7,4,7455.69
PL_1686,ProPlayer_686,CS:GO,EUW,24,67.5,0.63,3.93,266,10,82819,162,0,1,4480.07
PL_1687,ProPlayer_687,Valorant,EUW,30,37.1,0.44,3.97,342,14,287837,740,8,1,2935.86
PL_1688,ProPlayer_688,CS:GO,na,30,15.5,0.5,2.65,192,7,,2041,0,4,5200.57
PL_1689,ProPlayer_689,League of Legends,LAN,26,43.3,0.54,2.88,276,18,27197,416,2,4,9320.15
PL_1690,ProPlayer_690,CS:GO,euw,31,36.9,0.72,2.41,282,22,278786,-705,8,1,2883.4
PL_1691,ProPlayer_691,Valorant,euw,32,15.9,0.75,4.3,156,26,18763,3640,4,3,3947.67
PL_1692,ProPlayer_692,CS:GO,na,19,54.3,0.42,1.86,271,39,12018,-1343,8,0,5114.87
PL_1693,ProPlayer_693,CS:GO,KR,16,53.1,0.67,4.3,294,31,84440,1396,8,1,6083.33
PL_1694,ProPlayer_694,Valorant,EUW,23,67.1,0.53,3.55,279,25,197937,3138,5,3,1028.84
PL_1695,ProPlayer_695,CS:GO,na,32,33.2,0.54,3.09,246,26,64838,2400,0,3,7611.78
PL_1696,ProPlayer_696,Apex Legends,KR,18,26,0.66,1.6,267,18,521475,1419,9,3,7584.58
PL_1697,ProPlayer_697,Dota 2,EUW,30,43.9,0.72,2.93,258,49,113684,354,6,2,4150.41
PL_1698,ProPlayer_698,CS:GO,EUW,30,48.7,0.73,2.72,166,41,7696,2516,5,2,10413.24
PL_1699,ProPlayer_699,LoL,euw,29,63.8,0.6,1.98,260,28,493814,517,8,3,7455.41
PL_1700,ProPlayer_700,valorant,EUW,29,71.2,0.52,3.47,232,38,52407,2399,6,4,7348.9
PL_1701,ProPlayer_701,Apex Legends,euw,17,68.2,0.68,4.41,215,40,33883,2211,3,2,7375.11
PL_1702,ProPlayer_702,League of Legends,NA,28,54.1,0.49,3.19,374,32,81617,2227,6,1,7317.43
PL_1703,ProPlayer_703,League of Legends,BR,29,62,0.6,3.64,313,18,36284,1040,1,2,4956.18
PL_1704,ProPlayer_704,Dota 2,NA,34,40.4,0.53,1.71,192,36,9042,5053,5,4,4758.08
PL_1705,ProPlayer_705,Dota 2,LAN,22,52.5,0.63,2.75,267,18,142,2537,5,0,3112.86
PL_1706,ProPlayer_706,valorant,BR,18,32.1,0.48,1.85,323,32,59707,1582,1,2,3845.26
PL_1707,ProPlayer_707,Dota 2,NA,30,50.9,0.47,3.34,175,46,181316,2396,3,3,4378.2
PL_1708,ProPlayer_708,League of Legends,BR,29,51.3,0.72,4.32,254,15,84936,838,7,3,5130.92
PL_1709,ProPlayer_709,Valorant,BR,26,75.8,0.44,3.49,256,22,714006,1421,7,3,8196.59
PL_1710,ProPlayer_710,valorant,NA,30,46.6,0.58,1.73,186,6,,5588,7,0,795.01
PL_1711,ProPlayer_711,valorant,NA,28,51.4,0.48,2.56,269,25,,849,7,4,7689.87
PL_1712,ProPlayer_712,League of Legends,BR,33,53.6,0.41,3.15,306,31,,1883,0,1,2976.25
PL_1713,ProPlayer_713,Apex Legends,KR,21,43.2,0.41,2.71,325,11,17920,1316,1,4,4790.96
PL_1714,ProPlayer_714,Valorant,na,18,38,0.46,4,238,7,33573,441,3,0,3551.2
PL_1715,ProPlayer_715,Apex Legends,BR,34,69.5,0.7,3.94,375,4,157426,2632,8,3,8708.55
PL_1716,ProPlayer_716,Apex Legends,LAN,30,35.3,0.5,3.34,147,41,236187,2055,2,4,4000.08
PL_1717,ProPlayer_717,Apex Legends,LAN,20,30.1,0.73,2.62,268,27,369237,3367,5,1,
PL_1718,ProPlayer_718,Dota 2,EUW,25,60.2,0.6,2.27,179,4,26434,3216,6,3,6146.53
PL_1719,ProPlayer_719,Dota 2,LAN,22,67.4,0.55,1.82,255,48,213113,3351,7,1,2679.99
PL_1720,ProPlayer_720,Dota 2,BR,32,43.2,0.6,2.56,224,25,39787,623,6,2,4806.46
PL_1721,ProPlayer_721,Dota 2,euw,22,43.5,0.58,2.74,275,4,11973,2961,2,1,7408.65
PL_1722,ProPlayer_722,LoL,NA,27,54.2,0.67,3.53,244,21,204041,2998,5,3,3253.53
PL_1723,ProPlayer_723,Valorant,EUW,32,39.4,0.5,3.47,209,14,101089,468,4,2,6657.93
PL_1724,ProPlayer_724,Apex Legends,LAN,28,38.3,0.52,1.71,212,12,18000,1522,9,3,4337.84
PL_1725,ProPlayer_725,League of Legends,NA,19,63.2,0.71,2.69,347,27,56182,-184,3,3,7327.31
PL_1726,ProPlayer_726,Valorant,KR,25,59.1,0.73,2.05,272,32,33863,3004,0,2,8494.99
PL_1727,ProPlayer_727,Valorant,na,18,69.7,0.71,1.97,165,42,133482,2998,6,1,984.32
PL_1728,ProPlayer_728,League of Legends,KR,24,31.2,0.55,3.98,278,22,60406,4146,7,0,2323.73
PL_1729,ProPlayer_729,Apex Legends,KR,28,42.5,0.67,1.63,240,32,453563,1657,1,0,4122.98
PL_1730,ProPlayer_730,League of Legends,KR,33,54.2,0.57,2.76,250,42,5630,2677,6,0,
PL_1731,ProPlayer_731,League of Legends,BR,30,36.1,0.57,2,291,17,43852,3482,5,0,6064.93
PL_1732,ProPlayer_732,Dota 2,euw,19,59.6,0.47,4.14,309,49,65758,869,4,4,2510.5
PL_1733,ProPlayer_733,League of Legends,KR,30,68.4,0.61,3.17,207,29,69943,641,3,0,6357.84
PL_1734,ProPlayer_734,CS:GO,KR,17,41.2,0.47,2.19,249,25,37970,916,1,2,3172.53
PL_1735,ProPlayer_735,LoL,euw,30,50.6,0.52,3.01,223,15,130652,1476,9,0,6741.06
PL_1736,ProPlayer_736,LoL,EUW,23,71.8,0.7,3.69,280,12,207742,694,5,3,6077.93
PL_1737,ProPlayer_737,League of Legends,EUW,23,77,0.47,4.37,238,38,279229,980,4,0,3163.78
PL_1738,ProPlayer_738,Dota 2,NA,32,61.2,0.42,2.16,251,32,163523,3321,1,1,4868.09
PL_1739,ProPlayer_739,Dota 2,EUW,27,58.9,0.42,4.16,236,25,190099,1855,9,2,7449.37
PL_1740,ProPlayer_740,Valorant,BR,34,37.2,0.73,4.3,245,47,79972,2460,6,2,1215.93
PL_1741,ProPlayer_741,valorant,euw,25,55.4,0.58,4.25,335,0,174805,1174,5,4,
PL_1742,ProPlayer_742,Apex Legends,NA,24,58.4,0.54,3.41,370,48,36169,1075,8,3,2786.2
PL_1743,ProPlayer_743,valorant,EUW,20,46.8,0.68,3.39,269,37,50829,2428,9,2,4967.62
PL_1744,ProPlayer_744,Dota 2,LAN,21,41.1,0.69,2.71,245,1,38113,2189,4,1,5915.52
PL_1745,ProPlayer_745,valorant,NA,17,30.8,0.52,3.76,170,48,62996,3167,8,0,9026.34
PL_1746,ProPlayer_746,LoL,BR,28,23.9,0.64,3.09,212,5,33628,3952,8,2,4947.4
PL_1747,ProPlayer_747,Apex Legends,na,21,20.8,0.67,3.53,244,45,325999,963,0,1,7931.05
PL_1748,ProPlayer_748,Apex Legends,EUW,20,58.7,0.63,2.79,214,49,37519,3292,4,0,3319
PL_1749,ProPlayer_749,CS:GO,KR,16,52.2,0.45,3.69,220,37,10319,380,8,4,4009.96
PL_1750,ProPlayer_750,CS:GO,EUW,21,42.7,0.71,3.97,329,41,74827,5111,6,2,6174.12
PL_1751,ProPlayer_751,valorant,BR,21,45,0.59,1.94,251,23,5879,821,5,2,5403.52
PL_1752,ProPlayer_752,LoL,BR,31,53.2,0.5,4,256,17,11714,3036,5,1,4343.16
PL_1753,ProPlayer_753,LoL,na,19,47.5,0.55,3.12,216,26,24767,369,6,3,4288.97
PL_1754,ProPlayer_754,Valorant,KR,26,29.9,0.41,4.03,309,40,62427,1772,0,4,7666.59
PL_1755,ProPlayer_755,valorant,KR,24,63.7,0.44,2.79,239,7,56783,4319,3,3,4423.12
PL_1756,ProPlayer_756,Dota 2,euw,18,54.6,0.67,2.64,224,27,160789,773,0,2,2958.3
PL_1757,ProPlayer_757,Valorant,NA,34,54,0.4,4.25,171,9,134505,5306,5,3,3290.25
PL_1758,ProPlayer_758,CS:GO,LAN,23,62.6,0.55,2.25,247,16,55568,1992,3,0,6339.8
PL_1759,ProPlayer_759,CS:GO,LAN,20,37.8,0.58,4.03,222,28,40602,3464,0,4,9513.04
PL_1760,ProPlayer_760,Apex Legends,EUW,19,68.2,0.42,2.95,334,5,38048,2604,8,3,
PL_1761,ProPlayer_761,League of Legends,na,21,47.9,0.74,3.04,342,13,148719,2686,3,0,9297.25
PL_1762,ProPlayer_762,CS:GO,LAN,17,63.3,0.48,2.43,188,21,5347,-139,5,1,4978.32
PL_1763,ProPlayer_763,valorant,euw,26,61,0.51,3.22,194,5,1290,1291,6,3,4440.38
PL_1764,ProPlayer_764,Apex Legends,BR,19,34.4,0.51,2.48,236,25,158740,3794,7,4,3179.45
PL_1765,ProPlayer_765,League of Legends,NA,30,57.5,0.48,1.62,209,38,64845,1484,8,0,4603.97
PL_1766,ProPlayer_766,League of Legends,EUW,21,54.9,0.4,2.32,261,11,14027,2208,8,3,3487.72
PL_1767,ProPlayer_767,Dota 2,BR,32,50.5,0.66,1.52,234,34,26861,-321,7,1,3327.24
PL_1768,ProPlayer_768,CS:GO,euw,21,48.6,0.74,4.44,264,13,269568,1194,9,3,
PL_1769,ProPlayer_769,Valorant,euw,34,48.7,0.48,4.4,301,21,196256,3685,2,0,8532.23
PL_1770,ProPlayer_770,Dota 2,euw,17,62.2,0.63,2.69,197,22,123713,76,1,3,7128.77
PL_1771,ProPlayer_771,CS:GO,na,30,58.7,0.66,3.69,300,47,65821,3076,4,4,5543.2
PL_1772,ProPlayer_772,CS:GO,EUW,26,50.5,0.7,2.54,214,6,,2267,0,2,4711.97
PL_1773,ProPlayer_773,League of Legends,NA,23,27.6,0.55,3.51,357,39,369870,1646,2,0,
PL_1774,ProPlayer_774,Valorant,NA,34,57.4,0.51,3.92,331,49,337466,1580,0,0,3446.18
PL_1775,ProPlayer_775,Dota 2,LAN,28,60.9,0.51,4.34,244,24,24241,1263,2,0,2732.3
PL_1776,ProPlayer_776,CS:GO,LAN,27,84.5,0.65,2.7,202,12,166656,1397,3,0,6434.83
PL_1777,ProPlayer_777,Apex Legends,EUW,20,66.1,0.69,3.85,192,20,21970,3395,6,3,4475.55
PL_1778,ProPlayer_778,LoL,euw,21,21.5,0.46,2.3,294,40,24021,1352,4,4,5651.47
PL_1779,ProPlayer_779,Valorant,BR,19,51.2,0.53,4.47,248,9,112729,4711,4,1,1675.12
PL_1780,ProPlayer_780,Valorant,NA,34,77.2,0.72,1.58,296,8,51919,2449,0,4,4369.14
PL_1781,ProPlayer_781,Valorant,euw,16,59.4,0.68,3.31,360,14,268157,1136,7,0,2693.28
PL_1782,ProPlayer_782,Valorant,na,32,54.9,0.74,3.48,211,1,9322,3460,3,3,5968.11
PL_1783,ProPlayer_783,Dota 2,EUW,27,63.5,0.66,3.56,188,24,71646,2936,9,3,6990.56
PL_1784,ProPlayer_784,Apex Legends,na,30,40.7,0.54,1.86,260,12,250741,-481,4,0,7919.4
PL_1785,ProPlayer_785,valorant,EUW,16,57.2,0.61,4.32,307,33,234459,448,1,3,3742.04
PL_1786,ProPlayer_786,Valorant,BR,29,46.2,0.63,2.04,203,33,17023,1827,0,0,2744.2
PL_1787,ProPlayer_787,Dota 2,KR,21,49.7,0.43,3.37,252,34,45671,-375,8,4,4162.81
PL_1788,ProPlayer_788,LoL,BR,20,62.4,0.59,2.17,319,37,96527,5136,1,2,3601.37
PL_1789,ProPlayer_789,League of Legends,LAN,26,36.1,0.65,2.42,168,2,17363,3233,5,3,5862.47
PL_1790,ProPlayer_790,valorant,euw,19,69.3,0.46,3.14,262,41,344271,1980,0,0,2194.44
PL_1791,ProPlayer_791,CS:GO,LAN,28,43.7,0.67,2.75,223,5,246215,1486,0,0,1491.21
PL_1792,ProPlayer_792,LoL,KR,26,53.9,0.6,1.98,256,47,18266,1101,8,3,4307.1
PL_1793,ProPlayer_793,valorant,na,18,29,0.73,2.01,285,48,12914,-946,3,1,6453.01
PL_1794,ProPlayer_794,valorant,BR,16,60.8,0.41,2.75,261,18,8927,-599,8,0,2945.09
PL_1795,ProPlayer_795,Apex Legends,LAN,21,71.7,0.49,3.77,199,2,,4852,4,3,6698.23
PL_1796,ProPlayer_796,Apex Legends,NA,33,42.3,0.61,4.19,225,17,21520,4360,6,0,5730.68
PL_1797,ProPlayer_797,CS:GO,KR,25,33.3,0.5,1.75,321,38,,1136,0,1,8093.59
PL_1798,ProPlayer_798,League of Legends,BR,20,54.2,0.65,2.68,266,8,59575,3362,5,2,3395.49
PL_1799,ProPlayer_799,LoL,euw,25,71.8,0.67,1.8,292,11,91382,2760,7,1,1787.06
PL_1800,ProPlayer_800,Apex Legends,LAN,27,28.3,0.44,1.55,263,4,7443,2936,0,4,6197.08
PL_1801,ProPlayer_801,Apex Legends,na,17,33.4,0.58,3.49,290,2,25716,-138,8,3,5559.75
PL_1802,ProPlayer_802,Apex Legends,na,28,43.2,0.58,3.31,230,10,268078,-712,2,1,5405
PL_1803,ProPlayer_803,League of Legends,na,23,37.7,0.53,1.99,212,29,239043,3774,0,2,2904.34
PL_1804,ProPlayer_804,Valorant,EUW,17,37.7,0.73,2.2,288,3,152001,-969,0,0,6550.3
PL_1805,ProPlayer_805,Dota 2,BR,16,18.6,0.69,1.57,306,4,1959,1778,5,3,3733.15
PL_1806,ProPlayer_806,valorant,LAN,20,58.8,0.64,4,204,0,39602,1448,5,1,
PL_1807,ProPlayer_807,LoL,na,24,55.1,0.65,4.42,221,26,98875,1310,0,2,4080.86
PL_1808,ProPlayer_808,CS:GO,BR,32,24.5,0.56,1.91,242,27,32184,2472,2,1,5708.76
PL_1809,ProPlayer_809,Valorant,euw,24,71.9,0.72,2.19,331,28,240336,984,6,4,2609.74
PL_1810,ProPlayer_810,valorant,LAN,26,75.2,0.64,4.11,278,17,100481,2594,9,3,
PL_1811,ProPlayer_811,Valorant,BR,30,38.7,0.66,4.28,184,11,7462,2212,2,0,6315.18
PL_1812,ProPlayer_812,valorant,KR,21,67.5,0.7,2.76,245,12,239695,5148,2,2,5231.96
PL_1813,ProPlayer_813,valorant,na,18,41.4,0.5,1.65,238,40,316454,-78,2,1,8287.79
PL_1814,ProPlayer_814,League of Legends,NA,32,52.7,0.68,1.62,191,1,8089,2044,6,3,5414.32
PL_1815,ProPlayer_815,LoL,NA,20,37.5,0.47,3.22,245,36,76005,2647,3,1,6837.51
PL_1816,ProPlayer_816,valorant,na,27,83.2,0.52,2.68,235,44,36149,1615,3,3,5184.83
PL_1817,ProPlayer_817,Dota 2,NA,33,45.6,0.52,1.59,232,15,49896,-6,2,4,6658.8
PL_1818,ProPlayer_818,Valorant,NA,29,51.9,0.74,3.25,230,47,19802,3886,9,1,1933.39
PL_1819,ProPlayer_819,valorant,NA,26,39.7,0.7,1.53,324,23,86292,2505,8,4,5065.89
PL_1820,ProPlayer_820,Dota 2,BR,24,77.9,0.65,3.86,232,34,316959,100,1,2,2746.13
PL_1821,ProPlayer_821,valorant,euw,17,78.3,0.65,2.42,252,21,69931,2658,3,4,5280.85
PL_1822,ProPlayer_822,Dota 2,KR,27,74.5,0.6,1.62,247,35,8655,4552,7,3,5768.39
PL_1823,ProPlayer_823,Apex Legends,KR,18,64.3,0.73,3.27,225,10,96758,1946,5,2,
PL_1824,ProPlayer_824,Dota 2,EUW,18,40.6,0.57,2.69,254,45,41585,1997,6,1,5979.82
PL_1825,ProPlayer_825,League of Legends,na,16,62.4,0.53,4.42,253,28,193742,4352,6,1,4326.29
PL_1826,ProPlayer_826,Apex Legends,LAN,23,49.9,0.46,3.13,254,34,57036,544,1,3,3492.81
PL_1827,ProPlayer_827,LoL,na,23,69.7,0.68,2.33,207,47,,4591,3,0,314.95
PL_1828,ProPlayer_828,CS:GO,KR,26,66.7,0.66,3.63,240,14,21208,3459,9,0,5137.71
PL_1829,ProPlayer_829,League of Legends,euw,24,40.3,0.53,2.31,288,30,146431,614,9,1,7275.72
PL_1830,ProPlayer_830,CS:GO,euw,20,64.2,0.41,4.21,241,41,30868,998,5,3,5216.79
PL_1831,ProPlayer_831,valorant,euw,29,60.2,0.69,2.62,258,40,145771,1213,2,0,4830.5
PL_1832,ProPlayer_832,LoL,na,18,8.4,0.4,3.15,258,42,23052,-750,8,4,5286.11
PL_1833,ProPlayer_833,LoL,KR,20,62,0.65,1.65,271,15,38814,2391,3,1,4224.58
PL_1834,ProPlayer_834,League of Legends,NA,20,43.5,0.74,2.78,278,9,62639,682,9,4,5389.94
PL_1835,ProPlayer_835,League of Legends,euw,34,36.7,0.55,4,241,48,286814,2445,1,3,4190.07
PL_1836,ProPlayer_836,CS:GO,NA,29,37.4,0.48,3.92,204,31,268430,64,5,4,3202.24
PL_1837,ProPlayer_837,CS:GO,EUW,19,48,0.65,2.17,189,1,23177,3385,0,0,
PL_1838,ProPlayer_838,Apex Legends,LAN,28,57.2,0.69,2.18,301,23,44350,3106,5,0,4805.79
PL_1839,ProPlayer_839,Apex Legends,BR,25,29.5,0.59,3.95,289,22,16181,941,9,2,8750.34
PL_1840,ProPlayer_840,League of Legends,na,33,52.8,0.74,4.29,282,1,71331,2539,0,1,3388.62
PL_1841,ProPlayer_841,CS:GO,EUW,23,58.7,0.42,1.79,291,37,61726,2124,7,3,
PL_1842,ProPlayer_842,Dota 2,BR,23,77.9,0.58,2.85,242,30,231021,4223,4,1,4486.67
PL_1843,ProPlayer_843,League of Legends,LAN,22,33.8,0.65,2.51,219,39,265933,451,5,4,4104.63
PL_1844,ProPlayer_844,Valorant,EUW,23,44.8,0.7,4.11,201,25,48380,1772,1,3,6026.21
PL_1845,ProPlayer_845,League of Legends,EUW,29,53.9,0.46,1.75,196,28,67675,1039,1,3,9475.93
PL_1846,ProPlayer_846,Apex Legends,euw,34,67.2,0.68,2.13,311,2,226563,2067,8,0,4358.35
PL_1847,ProPlayer_847,CS:GO,euw,21,45.4,0.59,3.76,225,13,,2800,2,4,6031.79
PL_1848,ProPlayer_848,Valorant,KR,16,68,0.54,1.65,303,24,366,1022,5,0,1175.26
PL_1849,ProPlayer_849,Valorant,KR,30,20.9,0.45,2.98,241,47,38575,1454,9,0,4212.94
PL_1850,ProPlayer_850,Dota 2,na,16,31.2,0.7,2.83,216,0,54779,3449,4,2,8110.48
PL_1851,ProPlayer_851,Valorant,EUW,32,55.2,0.46,2.5,195,2,,4036,3,0,4890.04
PL_1852,ProPlayer_852,valorant,EUW,16,28.8,0.51,2.68,221,25,22260,2740,9,1,6004.68
PL_1853,ProPlayer_853,valorant,na,30,32.4,0.5,3.09,321,17,3851,1793,1,3,3754.5
PL_1854,ProPlayer_854,LoL,KR,17,42.1,0.7,1.98,196,8,103105,1650,7,0,5515.11
PL_1855,ProPlayer_855,valorant,euw,29,61.6,0.64,3.22,356,37,30450,2822,9,1,8265.55
PL_1856,ProPlayer_856,valorant,NA,23,21.6,0.68,3.92,208,22,5376,2342,6,4,2679.83
PL_1857,ProPlayer_857,LoL,BR,23,52.6,0.49,3.78,287,20,26263,-473,1,3,9373.09
PL_1858,ProPlayer_858,LoL,KR,34,65.5,0.62,1.96,243,0,161905,2859,5,4,1908.11
PL_1859,ProPlayer_859,Valorant,na,22,47.1,0.6,1.95,234,20,190709,709,7,1,4029
PL_1860,ProPlayer_860,CS:GO,LAN,34,44.5,0.69,2.3,186,26,65984,-125,6,4,3328.17
PL_1861,ProPlayer_861,Valorant,KR,21,56,0.72,2.58,245,41,53797,-503,0,4,4455.08
PL_1862,ProPlayer_862,LoL,na,21,47.1,0.4,2.73,192,5,381008,1676,4,4,3302.19
PL_1863,ProPlayer_863,League of Legends,na,18,70.9,0.64,3.54,166,43,22384,475,1,0,3150.56
PL_1864,ProPlayer_864,League of Legends,na,22,33.3,0.42,1.67,256,35,24252,-1490,5,0,2626.51
PL_1865,ProPlayer_865,League of Legends,NA,34,49.2,0.59,1.6,218,27,34512,1462,6,0,6288.11
PL_1866,ProPlayer_866,League of Legends,EUW,23,53.1,0.5,2.68,334,44,18965,1264,6,3,4524.08
PL_1867,ProPlayer_867,Dota 2,euw,25,44.3,0.51,3.59,300,16,47701,1775,2,1,4000.98
PL_1868,ProPlayer_868,Valorant,na,30,6.9,0.52,2.08,335,39,241725,1057,6,0,
PL_1869,ProPlayer_869,Apex Legends,NA,30,47.6,0.62,3.42,216,2,95541,4744,4,4,2010.73
PL_1870,ProPlayer_870,valorant,EUW,16,63.5,0.52,2.28,257,11,53093,2776,7,4,5612.75
PL_1871,ProPlayer_871,valorant,NA,22,61.7,0.66,4.16,119,38,272434,1251,7,4,4812.46
PL_1872,ProPlayer_872,Dota 2,LAN,19,55.3,0.54,4.19,236,11,4967,1905,6,4,4873.92
PL_1873,ProPlayer_873,Dota 2,NA,21,33.5,0.42,2.39,255,1,23607,4122,5,2,6038.33
PL_1874,ProPlayer_874,League of Legends,euw,16,55.9,0.67,2.19,258,45,83445,3435,1,3,8287.05
PL_1875,ProPlayer_875,Apex Legends,EUW,20,41.4,0.5,2.73,248,21,95594,-94,5,1,5645.95
PL_1876,ProPlayer_876,CS:GO,euw,16,55.3,0.55,2.22,253,22,4036,539,8,1,4600.25
PL_1877,ProPlayer_877,Dota 2,euw,19,51.8,0.64,3.52,114,29,51590,827,1,0,2634.71
PL_1878,ProPlayer_878,Dota 2,na,17,35.4,0.52,3.98,263,4,104740,1340,0,2,218.36
PL_1879,ProPlayer_879,valorant,na,25,36.6,0.42,3.52,274,8,119756,1107,4,1,5255.77
PL_1880,ProPlayer_880,Apex Legends,KR,20,55.3,0.53,3.97,317,20,101649,2051,5,3,2480.73
PL_1881,ProPlayer_881,LoL,KR,25,46.7,0.73,2.69,268,10,38649,3104,2,4,-80.53
PL_1882,ProPlayer_882,League of Legends,na,16,37.4,0.62,1.97,243,4,9818,3354,7,0,4298.26
PL_1883,ProPlayer_883,CS:GO,LAN,21,36.2,0.64,3.71,305,34,55706,1510,6,3,5478.96
PL_1884,ProPlayer_884,LoL,na,28,45.4,0.62,2.58,132,26,13783,-452,1,1,6488.61
PL_1885,ProPlayer_885,League of Legends,EUW,30,73.5,0.47,3.51,224,48,294930,439,6,2,7122.5
PL_1886,ProPlayer_886,Valorant,KR,19,42.1,0.55,2.31,212,1,64468,1220,0,0,6751.42
PL_1887,ProPlayer_887,Apex Legends,na,28,49.8,0.66,1.74,248,23,38163,132,8,1,6805.15
PL_1888,ProPlayer_888,League of Legends,KR,30,51.5,0.44,4.48,140,30,145373,3711,6,0,2063.86
PL_1889,ProPlayer_889,Apex Legends,KR,23,33,0.5,1.97,316,32,68905,231,5,1,4700.81
PL_1890,ProPlayer_890,LoL,NA,20,23.6,0.5,4.47,238,38,37111,2926,1,4,6159.67
PL_1891,ProPlayer_891,valorant,KR,30,34.6,0.55,4.43,266,29,167114,-523,2,2,5092.75
PL_1892,ProPlayer_892,Apex Legends,na,19,53.7,0.74,3.88,261,45,201855,2986,0,4,4689.7
PL_1893,ProPlayer_893,CS:GO,EUW,27,51.3,0.42,3.48,313,36,111782,1791,9,1,5056.18
PL_1894,ProPlayer_894,valorant,na,28,60.5,0.58,3.23,157,27,4810,4269,4,3,5491.07
PL_1895,ProPlayer_895,League of Legends,na,17,51.5,0.46,4.1,256,30,83545,303,8,4,4846.21
PL_1896,ProPlayer_896,Apex Legends,EUW,34,48.4,0.74,2.37,307,10,,1154,5,3,3307.44
PL_1897,ProPlayer_897,CS:GO,euw,34,40.9,0.44,2.9,245,22,14676,1444,4,1,1594.35
PL_1898,ProPlayer_898,Dota 2,na,19,63.3,0.54,3.36,202,1,,1771,2,2,4591.95
PL_1899,ProPlayer_899,LoL,KR,19,36.2,0.66,2.73,220,39,214127,1481,4,3,5114.97
PL_1900,ProPlayer_900,Valorant,LAN,26,33.3,0.65,2.78,230,40,2032,1510,7,1,5093.16
PL_1901,ProPlayer_901,Valorant,KR,20,58.5,0.55,2.49,214,26,139726,1485,1,3,
PL_1902,ProPlayer_902,Valorant,KR,26,30,0.52,3.19,242,34,64202,-1107,4,4,7261.21
PL_1903,ProPlayer_903,LoL,NA,25,86.2,0.54,4.05,325,1,59198,3490,5,1,4791.95
PL_1904,ProPlayer_904,CS:GO,na,23,51.2,0.49,2.1,220,38,712,6292,9,4,4806.27
PL_1905,ProPlayer_905,Dota 2,na,21,55.2,0.47,4.3,226,36,171146,2447,7,0,6146.26
PL_1906,ProPlayer_906,LoL,NA,21,37.9,0.57,3.57,273,20,44601,296,7,1,5853.1
PL_1907,ProPlayer_907,CS:GO,KR,23,45.3,0.49,3.97,241,4,77819,448,4,3,4114.88
PL_1908,ProPlayer_908,CS:GO,BR,30,43.6,0.5,3.17,184,44,,2920,8,0,6318.03
PL_1909,ProPlayer_909,CS:GO,NA,29,41.9,0.63,3.84,247,20,121277,2578,3,4,4707.25
PL_1910,ProPlayer_910,Apex Legends,KR,26,59.5,0.74,1.55,245,28,312311,1574,8,4,4749.78
PL_1911,ProPlayer_911,LoL,euw,27,43.3,0.61,3.96,299,19,75787,3130,6,3,5867.23
PL_1912,ProPlayer_912,League of Legends,EUW,28,65.3,0.43,1.62,201,37,51035,-1096,5,0,4397.67
PL_1913,ProPlayer_913,LoL,euw,23,89.9,0.43,4.17,299,19,307269,3131,3,2,5189.35
PL_1914,ProPlayer_914,CS:GO,LAN,33,45.6,0.73,4.48,245,49,102753,2357,1,3,5595.09
PL_1915,ProPlayer_915,valorant,BR,16,52.3,0.5,2.38,195,24,35403,506,7,4,6634.36
PL_1916,ProPlayer_916,LoL,NA,30,55.7,0.43,2.13,185,1,13520,-150,5,1,6496.28
PL_1917,ProPlayer_917,Dota 2,EUW,23,77.2,0.61,3.8,347,31,184867,2182,2,0,5534.09
PL_1918,ProPlayer_918,League of Legends,euw,26,48.8,0.62,2.26,242,25,44970,4111,6,2,-217.54
PL_1919,ProPlayer_919,Dota 2,EUW,27,37.6,0.63,4.1,297,5,108019,1658,9,1,5486.7
PL_1920,ProPlayer_920,Valorant,BR,27,31,0.49,1.81,165,40,63641,721,6,0,5795.77
PL_1921,ProPlayer_921,valorant,LAN,19,49.1,0.41,1.88,382,2,22180,2287,5,3,6201.86
PL_1922,ProPlayer_922,League of Legends,NA,31,43.3,0.74,4.44,295,32,92051,4731,1,3,3087.95
PL_1923,ProPlayer_923,Dota 2,euw,19,80.2,0.49,3.52,237,0,6260,2647,7,0,
PL_1924,ProPlayer_924,League of Legends,na,20,76.5,0.64,4.04,235,4,53331,2809,0,2,6612.34
PL_1925,ProPlayer_925,Valorant,euw,20,34.5,0.65,2.47,287,12,79101,3834,0,0,2550.95
PL_1926,ProPlayer_926,Dota 2,LAN,23,39.3,0.61,3.53,284,18,57278,2709,5,1,7444.34
PL_1927,ProPlayer_927,League of Legends,KR,25,51.1,0.51,3.28,259,11,138099,829,4,1,3842.7
PL_1928,ProPlayer_928,valorant,LAN,32,71,0.49,3.31,251,47,175982,-617,8,3,2945.65
PL_1929,ProPlayer_929,LoL,EUW,24,50.9,0.61,3.55,278,24,147509,618,6,0,5699.24
PL_1930,ProPlayer_930,Apex Legends,NA,34,40.3,0.7,3.23,163,34,3958,343,1,3,6232.35
PL_1931,ProPlayer_931,League of Legends,euw,29,49.1,0.73,2.79,231,11,21583,2989,6,2,6113.16
PL_1932,ProPlayer_932,Valorant,BR,23,40.6,0.44,2.33,168,29,76918,3198,2,1,6003.22
PL_1933,ProPlayer_933,valorant,BR,24,59,0.45,3.81,280,4,273063,2263,0,4,3584.42
PL_1934,ProPlayer_934,Apex Legends,KR,26,39.4,0.73,2.18,216,33,180154,97,7,4,1946.18
PL_1935,ProPlayer_935,League of Legends,BR,16,42.3,0.66,3.58,171,21,184854,4680,2,0,4220.67
PL_1936,ProPlayer_936,CS:GO,EUW,29,67.4,0.71,2.2,210,38,36126,1376,7,0,2708.58
PL_1937,ProPlayer_937,Valorant,euw,20,38.5,0.47,3.38,257,12,56115,2905,6,4,5865.1
PL_1938,ProPlayer_938,LoL,KR,29,28.3,0.61,3.74,240,46,63621,2074,1,0,
PL_1939,ProPlayer_939,Valorant,BR,19,51.4,0.65,2.16,191,2,17122,2313,0,1,5345.39
PL_1940,ProPlayer_940,Apex Legends,euw,16,44.6,0.64,1.68,165,19,3156,2852,6,2,4998.11
PL_1941,ProPlayer_941,League of Legends,euw,34,57.7,0.54,1.89,254,30,293563,956,0,2,4379.13
PL_1942,ProPlayer_942,Apex Legends,BR,23,54.8,0.41,3.32,221,4,,3958,5,3,6960.7
PL_1943,ProPlayer_943,League of Legends,na,30,49.5,0.6,4.05,237,23,27436,-369,9,1,1339.06
PL_1944,ProPlayer_944,Valorant,KR,30,49.1,0.49,1.63,242,39,8706,442,9,0,2587.7
PL_1945,ProPlayer_945,Dota 2,EUW,24,39,0.56,3.7,272,32,263816,3939,7,0,8653.47
PL_1946,ProPlayer_946,LoL,BR,24,51.3,0.74,2.52,292,7,86687,2885,6,3,2490.08
PL_1947,ProPlayer_947,CS:GO,LAN,25,63.2,0.54,2.94,257,23,109972,5811,3,3,
PL_1948,ProPlayer_948,League of Legends,NA,24,35.4,0.69,4.29,234,49,242562,2103,0,0,6473.58
PL_1949,ProPlayer_949,CS:GO,EUW,18,49.9,0.47,2.5,251,19,42406,4551,0,0,1147.5
PL_1950,ProPlayer_950,valorant,LAN,26,65.6,0.64,2.9,233,15,97155,-786,3,1,1531.4
PL_1951,ProPlayer_951,Apex Legends,euw,21,57.6,0.74,1.54,168,49,3957,-120,4,3,7529.43
PL_1952,ProPlayer_952,Apex Legends,LAN,17,69.6,0.44,1.74,305,11,20674,3343,6,1,3054.11
PL_1953,ProPlayer_953,Dota 2,BR,22,41.5,0.4,2.28,295,12,,-611,3,0,3108.74
PL_1954,ProPlayer_954,League of Legends,euw,33,22.5,0.55,1.58,349,44,145572,1704,9,4,3958.25
PL_1955,ProPlayer_955,Valorant,na,17,53,0.43,3.39,364,41,43177,3751,0,4,3059.04
PL_1956,ProPlayer_956,valorant,BR,32,55.4,0.66,2.78,191,38,47290,2752,9,0,6052.54
PL_1957,ProPlayer_957,Apex Legends,LAN,26,70.5,0.72,3.14,233,24,,2017,6,3,2635.92
PL_1958,ProPlayer_958,CS:GO,BR,27,67.8,0.55,2.02,376,45,24,1326,1,4,1068.48
PL_1959,ProPlayer_959,Apex Legends,BR,34,58.1,0.49,2.39,248,31,27607,2303,1,3,7312.71
PL_1960,ProPlayer_960,League of Legends,EUW,22,61.5,0.55,3.49,262,23,23348,2866,7,4,2734.18
PL_1961,ProPlayer_961,LoL,NA,21,47.1,0.65,4.4,174,47,28832,1009,9,3,3495.96
PL_1962,ProPlayer_962,Dota 2,NA,16,31.7,0.4,1.65,258,46,163941,2558,9,4,6659.72
PL_1963,ProPlayer_963,LoL,BR,32,51.8,0.61,4.17,347,43,32805,3618,9,3,5140.49
PL_1964,ProPlayer_964,Valorant,BR,26,64.7,0.61,3.23,314,8,21260,1666,4,1,7224.68
PL_1965,ProPlayer_965,Valorant,euw,33,59.8,0.62,3.19,220,39,70171,2102,9,3,6690.28
PL_1966,ProPlayer_966,Dota 2,BR,32,62.5,0.48,3,230,49,200726,2726,1,1,4093.14
PL_1967,ProPlayer_967,League of Legends,KR,22,43.6,0.65,1.71,193,22,27621,2827,4,1,7043.84
PL_1968,ProPlayer_968,Dota 2,NA,32,46,0.43,1.77,207,49,8179,3318,7,0,5335.55
PL_1969,ProPlayer_969,Apex Legends,KR,24,57.3,0.47,3.3,154,12,44068,478,5,1,3803.22
PL_1970,ProPlayer_970,CS:GO,EUW,32,41.8,0.71,2.52,246,31,137694,1207,2,2,5580.8
PL_1971,ProPlayer_971,Valorant,EUW,23,42.3,0.66,4.25,326,49,80004,1262,7,1,2381.07
PL_1972,ProPlayer_972,League of Legends,LAN,32,54.5,0.4,2.72,268,14,169714,644,8,3,6667.7
PL_1973,ProPlayer_973,Apex Legends,KR,22,61.4,0.49,1.93,318,35,320873,-698,4,1,6408.24
PL_1974,ProPlayer_974,Valorant,NA,16,47,0.48,3.64,304,48,,-2882,1,3,5240.72
PL_1975,ProPlayer_975,valorant,BR,28,32.6,0.49,2.38,223,4,92584,3793,1,3,1163.45
PL_1976,ProPlayer_976,Valorant,euw,34,39,0.49,3.08,212,21,67991,-331,6,2,
PL_1977,ProPlayer_977,valorant,LAN,34,53.1,0.42,3.59,214,15,4089,4350,0,1,5874.19
PL_1978,ProPlayer_978,Valorant,na,32,52.9,0.56,4.2,164,40,415549,3109,9,1,4954.08
PL_1979,ProPlayer_979,Dota 2,KR,28,53.6,0.66,3.88,252,9,48366,1391,1,4,4638.67
PL_1980,ProPlayer_980,League of Legends,euw,31,57.8,0.61,3.53,105,23,16514,2925,9,4,
PL_1981,ProPlayer_981,League of Legends,KR,23,50.1,0.64,3.54,280,17,109873,2638,3,0,4311.06
PL_1982,ProPlayer_982,League of Legends,EUW,34,54,0.43,4.34,254,48,33447,347,0,3,6538.43
PL_1983,ProPlayer_983,Apex Legends,KR,33,49.3,0.73,2.39,274,17,88135,1978,3,2,3966.55
PL_1984,ProPlayer_984,LoL,euw,16,67.2,0.69,1.5,303,6,88374,530,9,4,4451.4
PL_1985,ProPlayer_985,valorant,BR,29,71.5,0.68,2.32,260,3,59010,2981,4,1,4744.81
PL_1986,ProPlayer_986,valorant,na,34,32.2,0.69,2.15,332,25,180861,927,8,0,4799.61
PL_1987,ProPlayer_987,League of Legends,na,30,46.2,0.73,3.49,281,4,30783,1855,0,2,3764.38
PL_1988,ProPlayer_988,League of Legends,euw,33,50.5,0.59,3.4,212,15,59535,1790,4,1,4659.6
PL_1989,ProPlayer_989,CS:GO,euw,17,46,0.47,3.28,238,34,77152,2182,1,1,5686.63
PL_1990,ProPlayer_990,Valorant,EUW,32,76.9,0.62,1.55,137,25,108952,4494,8,3,3190.39
PL_1991,ProPlayer_991,CS:GO,EUW,33,53.4,0.66,3.69,205,17,153234,1639,5,3,4668.86
PL_1992,ProPlayer_992,Valorant,LAN,21,37.9,0.66,2.47,231,28,50220,3827,1,4,8861.97
PL_1993,ProPlayer_993,CS:GO,NA,34,58.9,0.58,3.5,277,22,103859,2720,2,4,4873.71
PL_1994,ProPlayer_994,valorant,LAN,19,54.1,0.42,3.17,212,13,16323,4128,7,1,3139.15
PL_1995,ProPlayer_995,CS:GO,LAN,16,54.6,0.53,2.53,188,14,269782,1492,0,1,2905.18
PL_1996,ProPlayer_996,Valorant,euw,23,77.1,0.72,1.9,156,48,,3044,2,4,2469.61
PL_1997,ProPlayer_997,Valorant,LAN,22,55.3,0.6,1.78,220,32,130756,1911,9,4,
PL_1998,ProPlayer_998,League of Legends,euw,18,45.4,0.59,3.99,348,24,,-2484,0,1,7016.04
PL_1999,ProPlayer_999,Dota 2,EUW,25,20.7,0.49,4.26,264,20,,365,7,2,2420.75
PL_1050,ProPlayer_50,Dota 2,BR,21,43,0.56,3.02,207,9,207463,2115,7,3,6176.17
PL_1150,ProPlayer_150,valorant,na,27,84.6,0.4,1.7,241,19,7528,1114,9,0,4816.15
PL_1250,ProPlayer_250,valorant,na,27,59.7,0.52,4.49,258,35,37325,1898,3,3,5747.29
